split,sample_id,formula,true_label,front_prob_safe,front_prob_phone,side_prob_safe,side_prob_phone,confidence_front,confidence_side,weight_front,weight_side,fused_prob_safe,fused_prob_phone,pred_label
val,S01_AC01_F00001,average_fusion,0,0.67851746,0.32148254,0.54759353,0.45240647,0.5,0.5,0.5,0.5,0.6130555,0.3869445,0
val,S01_AC01_F00031,average_fusion,0,0.64711916,0.35288084,0.54346159,0.45653841,0.5,0.5,0.5,0.5,0.59529038,0.40470962,0
val,S01_AC01_F00061,average_fusion,0,0.59691387,0.40308613,0.57989475,0.42010525,0.5,0.5,0.5,0.5,0.58840431,0.41159569,0
val,S01_AC01_F00091,average_fusion,0,0.69248837,0.30751163,0.58147436,0.41852564,0.5,0.5,0.5,0.5,0.63698137,0.36301863,0
val,S01_AC05_F00001,average_fusion,1,0.17066455,0.82933545,0.4904235,0.5095765,0.5,0.5,0.5,0.5,0.33054402,0.66945598,1
val,S01_AC05_F00031,average_fusion,1,0.26763594,0.73236406,0.48675776,0.51324224,0.5,0.5,0.5,0.5,0.37719685,0.62280315,1
val,S01_AC05_F00061,average_fusion,1,0.1711399,0.8288601,0.39579391,0.60420609,0.5,0.5,0.5,0.5,0.28346691,0.71653309,1
val,S01_AC06_F00001,average_fusion,1,0.048554,0.951446,0.29191679,0.70808321,0.5,0.5,0.5,0.5,0.1702354,0.8297646,1
val,S01_AC06_F00031,average_fusion,1,0.29440004,0.70559996,0.30750668,0.69249332,0.5,0.5,0.5,0.5,0.30095336,0.69904664,1
val,S01_AC06_F00061,average_fusion,1,0.35658914,0.64341086,0.41916943,0.58083057,0.5,0.5,0.5,0.5,0.38787928,0.61212072,1
val,S01_AC06_F00091,average_fusion,1,0.35133362,0.64866638,0.48369378,0.51630622,0.5,0.5,0.5,0.5,0.4175137,0.5824863,1
val,S01_AC07_F00001,average_fusion,1,0.33459806,0.66540194,0.29282415,0.70717585,0.5,0.5,0.5,0.5,0.31371111,0.68628889,1
val,S01_AC07_F00031,average_fusion,1,0.18035942,0.81964058,0.28041667,0.71958333,0.5,0.5,0.5,0.5,0.23038805,0.76961195,1
val,S01_AC07_F00061,average_fusion,1,0.1419605,0.8580395,0.17343062,0.82656938,0.5,0.5,0.5,0.5,0.15769556,0.84230444,1
val,S01_AC07_F00091,average_fusion,1,0.24318343,0.75681657,0.32533288,0.67466712,0.5,0.5,0.5,0.5,0.28425816,0.71574184,1
val,S01_AC08_F00001,average_fusion,1,0.2022413,0.7977587,0.49428904,0.50571096,0.5,0.5,0.5,0.5,0.34826517,0.65173483,1
val,S01_AC08_F00031,average_fusion,1,0.18095696,0.81904304,0.37091947,0.62908053,0.5,0.5,0.5,0.5,0.27593821,0.72406179,1
val,S01_AC08_F00061,average_fusion,1,0.24371243,0.75628757,0.4834218,0.5165782,0.5,0.5,0.5,0.5,0.36356711,0.63643289,1
val,S01_AC08_F00091,average_fusion,1,0.11862838,0.88137162,0.54537871,0.45462129,0.5,0.5,0.5,0.5,0.33200355,0.66799645,1
val,S01_AC09_F00001,average_fusion,1,0.28115386,0.71884614,0.4552753,0.5447247,0.5,0.5,0.5,0.5,0.36821458,0.63178542,1
val,S01_AC09_F00031,average_fusion,1,0.15888745,0.84111255,0.37530893,0.62469107,0.5,0.5,0.5,0.5,0.26709819,0.73290181,1
val,S01_AC09_F00061,average_fusion,1,0.18695241,0.81304759,0.42480898,0.57519102,0.5,0.5,0.5,0.5,0.3058807,0.6941193,1
val,S02_AC01_F00001,average_fusion,0,0.14110088,0.85889912,0.43799675,0.56200325,0.5,0.5,0.5,0.5,0.28954881,0.71045119,1
val,S02_AC01_F00031,average_fusion,0,0.54876789,0.45123211,0.39342874,0.60657126,0.5,0.5,0.5,0.5,0.47109832,0.52890168,1
val,S02_AC01_F00061,average_fusion,0,0.5368236,0.4631764,0.50433934,0.49566066,0.5,0.5,0.5,0.5,0.52058147,0.47941853,0
val,S02_AC01_F00091,average_fusion,0,0.56200248,0.43799752,0.42692453,0.57307547,0.5,0.5,0.5,0.5,0.4944635,0.5055365,1
val,S02_AC01_F00121,average_fusion,0,0.53464293,0.46535707,0.53413516,0.46586484,0.5,0.5,0.5,0.5,0.53438905,0.46561095,0
val,S02_AC05_F00001,average_fusion,1,0.77406563,0.22593437,0.47624755,0.52375245,0.5,0.5,0.5,0.5,0.62515659,0.37484341,0
val,S02_AC05_F00031,average_fusion,1,0.51017526,0.48982474,0.46392202,0.53607798,0.5,0.5,0.5,0.5,0.48704864,0.51295136,1
val,S02_AC05_F00061,average_fusion,1,0.45391482,0.54608518,0.4554261,0.5445739,0.5,0.5,0.5,0.5,0.45467046,0.54532954,1
val,S02_AC05_F00091,average_fusion,1,0.45269608,0.54730392,0.41484332,0.58515668,0.5,0.5,0.5,0.5,0.4337697,0.5662303,1
val,S02_AC05_F00121,average_fusion,1,0.4708029,0.5291971,0.3518669,0.6481331,0.5,0.5,0.5,0.5,0.4113349,0.5886651,1
val,S02_AC05_F00151,average_fusion,1,0.42045677,0.57954323,0.44043976,0.55956024,0.5,0.5,0.5,0.5,0.43044826,0.56955174,1
val,S02_AC05_F00181,average_fusion,1,0.47235471,0.52764529,0.34358537,0.65641463,0.5,0.5,0.5,0.5,0.40797004,0.59202996,1
val,S02_AC06_F00001,average_fusion,1,0.64565456,0.35434544,0.56597331,0.43402669,0.5,0.5,0.5,0.5,0.60581394,0.39418606,0
val,S02_AC06_F00031,average_fusion,1,0.51187447,0.48812553,0.47003549,0.52996451,0.5,0.5,0.5,0.5,0.49095498,0.50904502,1
val,S02_AC06_F00061,average_fusion,1,0.63964009,0.36035991,0.53746879,0.46253121,0.5,0.5,0.5,0.5,0.58855444,0.41144556,0
val,S02_AC06_F00091,average_fusion,1,0.66202664,0.33797336,0.48044246,0.51955754,0.5,0.5,0.5,0.5,0.57123455,0.42876545,0
val,S02_AC06_F00121,average_fusion,1,0.38545197,0.61454803,0.3380087,0.6619913,0.5,0.5,0.5,0.5,0.36173034,0.63826966,1
val,S02_AC07_F00001,average_fusion,1,0.59499854,0.40500146,0.47475088,0.52524912,0.5,0.5,0.5,0.5,0.53487471,0.46512529,0
val,S02_AC07_F00031,average_fusion,1,0.24741679,0.75258321,0.39304739,0.60695261,0.5,0.5,0.5,0.5,0.32023209,0.67976791,1
val,S02_AC07_F00061,average_fusion,1,0.08803958,0.91196042,0.34168786,0.65831214,0.5,0.5,0.5,0.5,0.21486372,0.78513628,1
val,S02_AC07_F00091,average_fusion,1,0.09243256,0.90756744,0.37371629,0.62628371,0.5,0.5,0.5,0.5,0.23307443,0.76692557,1
val,S02_AC07_F00121,average_fusion,1,0.1159901,0.8840099,0.27464968,0.72535032,0.5,0.5,0.5,0.5,0.19531989,0.80468011,1
val,S02_AC08_F00001,average_fusion,1,0.26639348,0.73360652,0.59259871,0.40740129,0.5,0.5,0.5,0.5,0.42949609,0.57050391,1
val,S02_AC08_F00031,average_fusion,1,0.590462,0.409538,0.34066111,0.65933889,0.5,0.5,0.5,0.5,0.46556155,0.53443845,1
val,S02_AC08_F00061,average_fusion,1,0.48423415,0.51576585,0.36292183,0.63707817,0.5,0.5,0.5,0.5,0.42357799,0.57642201,1
val,S02_AC08_F00091,average_fusion,1,0.66571409,0.33428591,0.34162843,0.65837157,0.5,0.5,0.5,0.5,0.50367126,0.49632874,0
val,S02_AC08_F00121,average_fusion,1,0.81380469,0.18619531,0.36566907,0.63433093,0.5,0.5,0.5,0.5,0.58973688,0.41026312,0
val,S02_AC09_F00001,average_fusion,1,0.66266918,0.33733082,0.3056798,0.6943202,0.5,0.5,0.5,0.5,0.48417449,0.51582551,1
val,S02_AC09_F00031,average_fusion,1,0.29563898,0.70436102,0.38682956,0.61317044,0.5,0.5,0.5,0.5,0.34123427,0.65876573,1
val,S02_AC09_F00061,average_fusion,1,0.34847319,0.65152681,0.35655636,0.64344364,0.5,0.5,0.5,0.5,0.35251477,0.64748523,1
val,S02_AC09_F00091,average_fusion,1,0.09134227,0.90865773,0.42245579,0.57754421,0.5,0.5,0.5,0.5,0.25689903,0.74310097,1
val,S03_AC01_F00001,average_fusion,0,0.57804191,0.42195809,0.51757336,0.48242664,0.5,0.5,0.5,0.5,0.54780763,0.45219237,0
val,S03_AC01_F00031,average_fusion,0,0.62459415,0.37540585,0.53705904,0.46294096,0.5,0.5,0.5,0.5,0.5808266,0.4191734,0
val,S03_AC01_F00061,average_fusion,0,0.5999566,0.4000434,0.57154262,0.42845738,0.5,0.5,0.5,0.5,0.58574961,0.41425039,0
val,S03_AC01_F00091,average_fusion,0,0.70857638,0.29142362,0.58021826,0.41978174,0.5,0.5,0.5,0.5,0.64439732,0.35560268,0
val,S03_AC01_F00121,average_fusion,0,0.06131673,0.93868327,0.48568904,0.51431096,0.5,0.5,0.5,0.5,0.27350289,0.72649711,1
val,S03_AC05_F00001,average_fusion,1,0.20485234,0.79514766,0.18584496,0.81415504,0.5,0.5,0.5,0.5,0.19534865,0.80465135,1
val,S03_AC05_F00031,average_fusion,1,0.17705494,0.82294506,0.23981512,0.76018488,0.5,0.5,0.5,0.5,0.20843503,0.79156497,1
val,S03_AC05_F00061,average_fusion,1,0.24632293,0.75367707,0.33953947,0.66046053,0.5,0.5,0.5,0.5,0.2929312,0.7070688,1
val,S03_AC05_F00091,average_fusion,1,0.2646656,0.7353344,0.19098443,0.80901557,0.5,0.5,0.5,0.5,0.22782502,0.77217498,1
val,S03_AC05_F00121,average_fusion,1,0.27407235,0.72592765,0.48472756,0.51527244,0.5,0.5,0.5,0.5,0.37939996,0.62060004,1
val,S03_AC06_F00001,average_fusion,1,0.26647884,0.73352116,0.25156599,0.74843401,0.5,0.5,0.5,0.5,0.25902241,0.74097759,1
val,S03_AC06_F00031,average_fusion,1,0.51627225,0.48372775,0.32692355,0.67307645,0.5,0.5,0.5,0.5,0.4215979,0.5784021,1
val,S03_AC06_F00061,average_fusion,1,0.2428205,0.7571795,0.36088395,0.63911605,0.5,0.5,0.5,0.5,0.30185223,0.69814777,1
val,S03_AC06_F00091,average_fusion,1,0.15341079,0.84658921,0.30009067,0.69990933,0.5,0.5,0.5,0.5,0.22675073,0.77324927,1
val,S03_AC06_F00121,average_fusion,1,0.26883692,0.73116308,0.1858356,0.8141644,0.5,0.5,0.5,0.5,0.22733626,0.77266374,1
val,S03_AC07_F00001,average_fusion,1,0.10434383,0.89565617,0.38451684,0.61548316,0.5,0.5,0.5,0.5,0.24443033,0.75556967,1
val,S03_AC07_F00031,average_fusion,1,0.2609635,0.7390365,0.28589201,0.71410799,0.5,0.5,0.5,0.5,0.27342775,0.72657225,1
val,S03_AC07_F00061,average_fusion,1,0.13651806,0.86348194,0.32054144,0.67945856,0.5,0.5,0.5,0.5,0.22852975,0.77147025,1
val,S03_AC07_F00091,average_fusion,1,0.15055096,0.84944904,0.19159508,0.80840492,0.5,0.5,0.5,0.5,0.17107302,0.82892698,1
val,S03_AC07_F00121,average_fusion,1,0.22086823,0.77913177,0.26712048,0.73287952,0.5,0.5,0.5,0.5,0.24399436,0.75600564,1
val,S03_AC07_F00151,average_fusion,1,0.21324569,0.78675431,0.23004937,0.76995063,0.5,0.5,0.5,0.5,0.22164753,0.77835247,1
val,S03_AC07_F00181,average_fusion,1,0.10639668,0.89360332,0.08916879,0.91083121,0.5,0.5,0.5,0.5,0.09778273,0.90221727,1
val,S03_AC08_F00001,average_fusion,1,0.43296927,0.56703073,0.49675137,0.50324863,0.5,0.5,0.5,0.5,0.46486032,0.53513968,1
val,S03_AC08_F00031,average_fusion,1,0.20399803,0.79600197,0.44658834,0.55341166,0.5,0.5,0.5,0.5,0.32529318,0.67470682,1
val,S03_AC08_F00061,average_fusion,1,0.1857118,0.8142882,0.46052361,0.53947639,0.5,0.5,0.5,0.5,0.3231177,0.6768823,1
val,S03_AC08_F00091,average_fusion,1,0.1108259,0.8891741,0.44584656,0.55415344,0.5,0.5,0.5,0.5,0.27833623,0.72166377,1
val,S03_AC08_F00121,average_fusion,1,0.68741521,0.31258479,0.42055225,0.57944775,0.5,0.5,0.5,0.5,0.55398373,0.44601627,0
val,S03_AC08_F00151,average_fusion,1,0.54552978,0.45447022,0.43064672,0.56935328,0.5,0.5,0.5,0.5,0.48808825,0.51191175,1
val,S03_AC09_F00001,average_fusion,1,0.17805916,0.82194084,0.50653389,0.49346611,0.5,0.5,0.5,0.5,0.34229653,0.65770347,1
val,S03_AC09_F00031,average_fusion,1,0.45133567,0.54866433,0.4240821,0.5759179,0.5,0.5,0.5,0.5,0.43770888,0.56229112,1
val,S03_AC09_F00061,average_fusion,1,0.20599931,0.79400069,0.51595357,0.48404643,0.5,0.5,0.5,0.5,0.36097644,0.63902356,1
val,S03_AC09_F00091,average_fusion,1,0.05780309,0.94219691,0.48254299,0.51745701,0.5,0.5,0.5,0.5,0.27017304,0.72982696,1
val,S03_AC09_F00121,average_fusion,1,0.19103873,0.80896127,0.45034367,0.54965633,0.5,0.5,0.5,0.5,0.3206912,0.6793088,1
val,S15_AC01_F00001,average_fusion,0,0.42769206,0.57230794,0.523581,0.476419,0.5,0.5,0.5,0.5,0.47563653,0.52436347,1
val,S15_AC01_F00031,average_fusion,0,0.76561508,0.23438492,0.54473501,0.45526499,0.5,0.5,0.5,0.5,0.65517505,0.34482495,0
val,S15_AC01_F00061,average_fusion,0,0.84882228,0.15117772,0.52642068,0.47357932,0.5,0.5,0.5,0.5,0.68762148,0.31237852,0
val,S15_AC01_F00091,average_fusion,0,0.74394268,0.25605732,0.54377744,0.45622256,0.5,0.5,0.5,0.5,0.64386006,0.35613994,0
val,S15_AC05_F00001,average_fusion,1,0.47287297,0.52712703,0.3173849,0.6826151,0.5,0.5,0.5,0.5,0.39512894,0.60487106,1
val,S15_AC05_F00031,average_fusion,1,0.50201303,0.49798697,0.29839402,0.70160598,0.5,0.5,0.5,0.5,0.40020353,0.59979647,1
val,S15_AC05_F00061,average_fusion,1,0.31347775,0.68652225,0.38100529,0.61899471,0.5,0.5,0.5,0.5,0.34724152,0.65275848,1
val,S15_AC06_F00001,average_fusion,1,0.06831783,0.93168217,0.38254297,0.61745703,0.5,0.5,0.5,0.5,0.2254304,0.7745696,1
val,S15_AC06_F00031,average_fusion,1,0.21439666,0.78560334,0.52927709,0.47072291,0.5,0.5,0.5,0.5,0.37183687,0.62816313,1
val,S15_AC06_F00061,average_fusion,1,0.31117791,0.68882209,0.42039716,0.57960284,0.5,0.5,0.5,0.5,0.36578754,0.63421246,1
val,S15_AC06_F00091,average_fusion,1,0.29592365,0.70407635,0.48795921,0.51204079,0.5,0.5,0.5,0.5,0.39194143,0.60805857,1
val,S15_AC07_F00001,average_fusion,1,0.04968977,0.95031023,0.15847164,0.84152836,0.5,0.5,0.5,0.5,0.10408071,0.89591929,1
val,S15_AC07_F00031,average_fusion,1,0.14708722,0.85291278,0.30258709,0.69741291,0.5,0.5,0.5,0.5,0.22483715,0.77516285,1
val,S15_AC07_F00061,average_fusion,1,0.2935403,0.7064597,0.2827943,0.7172057,0.5,0.5,0.5,0.5,0.2881673,0.7118327,1
val,S15_AC08_F00001,average_fusion,1,0.13609153,0.86390847,0.38194585,0.61805415,0.5,0.5,0.5,0.5,0.25901869,0.74098131,1
val,S15_AC08_F00031,average_fusion,1,0.14326435,0.85673565,0.52982584,0.47017416,0.5,0.5,0.5,0.5,0.33654509,0.66345491,1
val,S15_AC08_F00061,average_fusion,1,0.14593053,0.85406947,0.48134959,0.51865041,0.5,0.5,0.5,0.5,0.31364006,0.68635994,1
val,S15_AC08_F00091,average_fusion,1,0.1046809,0.8953191,0.46886653,0.53113347,0.5,0.5,0.5,0.5,0.28677371,0.71322629,1
val,S15_AC08_F00121,average_fusion,1,0.22036183,0.77963817,0.39285439,0.60714561,0.5,0.5,0.5,0.5,0.30660811,0.69339189,1
val,S15_AC09_F00001,average_fusion,1,0.34426057,0.65573943,0.46467966,0.53532034,0.5,0.5,0.5,0.5,0.40447012,0.59552988,1
val,S15_AC09_F00031,average_fusion,1,0.08884579,0.91115421,0.29297036,0.70702964,0.5,0.5,0.5,0.5,0.19090807,0.80909193,1
val,S15_AC09_F00061,average_fusion,1,0.1583432,0.8416568,0.1314671,0.8685329,0.5,0.5,0.5,0.5,0.14490515,0.85509485,1
val,S15_AC09_F00091,average_fusion,1,0.21455586,0.78544414,0.33773071,0.66226929,0.5,0.5,0.5,0.5,0.27614328,0.72385672,1
val,S15_AC09_F00121,average_fusion,1,0.16415942,0.83584058,0.33380049,0.66619951,0.5,0.5,0.5,0.5,0.24897996,0.75102004,1
val,S20_AC01_F00001,average_fusion,0,0.43050981,0.56949019,0.23013008,0.76986992,0.5,0.5,0.5,0.5,0.33031994,0.66968006,1
val,S20_AC01_F00031,average_fusion,0,0.43107224,0.56892776,0.28488731,0.71511269,0.5,0.5,0.5,0.5,0.35797977,0.64202023,1
val,S20_AC01_F00061,average_fusion,0,0.32538718,0.67461282,0.32195646,0.67804354,0.5,0.5,0.5,0.5,0.32367182,0.67632818,1
val,S20_AC01_F00091,average_fusion,0,0.37847173,0.62152827,0.29492539,0.70507461,0.5,0.5,0.5,0.5,0.33669856,0.66330144,1
val,S20_AC05_F00001,average_fusion,1,0.22581059,0.77418941,0.2405175,0.7594825,0.5,0.5,0.5,0.5,0.23316404,0.76683596,1
val,S20_AC05_F00031,average_fusion,1,0.32379484,0.67620516,0.3688584,0.6311416,0.5,0.5,0.5,0.5,0.34632662,0.65367338,1
val,S20_AC05_F00061,average_fusion,1,0.31867814,0.68132186,0.35586733,0.64413267,0.5,0.5,0.5,0.5,0.33727273,0.66272727,1
val,S20_AC05_F00091,average_fusion,1,0.30500144,0.69499856,0.49969685,0.50030315,0.5,0.5,0.5,0.5,0.40234914,0.59765086,1
val,S20_AC05_F00121,average_fusion,1,0.2617709,0.7382291,0.36342424,0.63657576,0.5,0.5,0.5,0.5,0.31259757,0.68740243,1
val,S20_AC06_F00001,average_fusion,1,0.30847323,0.69152677,0.22768617,0.77231383,0.5,0.5,0.5,0.5,0.2680797,0.7319203,1
val,S20_AC06_F00031,average_fusion,1,0.26219398,0.73780602,0.24015528,0.75984472,0.5,0.5,0.5,0.5,0.25117463,0.74882537,1
val,S20_AC06_F00061,average_fusion,1,0.1662547,0.8337453,0.26657331,0.73342669,0.5,0.5,0.5,0.5,0.216414,0.783586,1
val,S20_AC06_F00091,average_fusion,1,0.20768803,0.79231197,0.23490411,0.76509589,0.5,0.5,0.5,0.5,0.22129607,0.77870393,1
val,S20_AC06_F00121,average_fusion,1,0.11614162,0.88385838,0.30649698,0.69350302,0.5,0.5,0.5,0.5,0.2113193,0.7886807,1
val,S20_AC07_F00001,average_fusion,1,0.25442511,0.74557489,0.25530541,0.74469459,0.5,0.5,0.5,0.5,0.25486526,0.74513474,1
val,S20_AC07_F00031,average_fusion,1,0.33113569,0.66886431,0.26367885,0.73632115,0.5,0.5,0.5,0.5,0.29740727,0.70259273,1
val,S20_AC07_F00061,average_fusion,1,0.22992194,0.77007806,0.2099309,0.7900691,0.5,0.5,0.5,0.5,0.21992642,0.78007358,1
val,S20_AC07_F00091,average_fusion,1,0.14408177,0.85591823,0.19948578,0.80051422,0.5,0.5,0.5,0.5,0.17178378,0.82821622,1
val,S20_AC07_F00121,average_fusion,1,0.2282961,0.7717039,0.24473375,0.75526625,0.5,0.5,0.5,0.5,0.23651493,0.76348507,1
val,S20_AC07_F00151,average_fusion,1,0.2489484,0.7510516,0.27087629,0.72912371,0.5,0.5,0.5,0.5,0.25991234,0.74008766,1
val,S20_AC08_F00001,average_fusion,1,0.25671667,0.74328333,0.23470861,0.76529139,0.5,0.5,0.5,0.5,0.24571264,0.75428736,1
val,S20_AC08_F00031,average_fusion,1,0.20687205,0.79312795,0.30443943,0.69556057,0.5,0.5,0.5,0.5,0.25565574,0.74434426,1
val,S20_AC08_F00061,average_fusion,1,0.26748323,0.73251677,0.22548085,0.77451915,0.5,0.5,0.5,0.5,0.24648204,0.75351796,1
val,S20_AC08_F00091,average_fusion,1,0.16126621,0.83873379,0.29858923,0.70141077,0.5,0.5,0.5,0.5,0.22992772,0.77007228,1
val,S20_AC08_F00121,average_fusion,1,0.28449136,0.71550864,0.34853488,0.65146512,0.5,0.5,0.5,0.5,0.31651312,0.68348688,1
val,S20_AC08_F00151,average_fusion,1,0.41171789,0.58828211,0.24209392,0.75790608,0.5,0.5,0.5,0.5,0.32690591,0.67309409,1
val,S20_AC09_F00001,average_fusion,1,0.03208786,0.96791214,0.29669386,0.70330614,0.5,0.5,0.5,0.5,0.16439086,0.83560914,1
val,S20_AC09_F00031,average_fusion,1,0.11337268,0.88662732,0.25527853,0.74472147,0.5,0.5,0.5,0.5,0.18432561,0.81567439,1
val,S20_AC09_F00061,average_fusion,1,0.07706815,0.92293185,0.27644807,0.72355193,0.5,0.5,0.5,0.5,0.17675811,0.82324189,1
val,S20_AC09_F00091,average_fusion,1,0.09335369,0.90664631,0.32923126,0.67076874,0.5,0.5,0.5,0.5,0.21129248,0.78870752,1
val,S20_AC09_F00121,average_fusion,1,0.06422561,0.93577439,0.37976533,0.62023467,0.5,0.5,0.5,0.5,0.22199547,0.77800453,1
val,S22_AC01_F00001,average_fusion,0,0.17739642,0.82260358,0.29784167,0.70215833,0.5,0.5,0.5,0.5,0.23761904,0.76238096,1
val,S22_AC01_F00031,average_fusion,0,0.21057469,0.78942531,0.53888834,0.46111166,0.5,0.5,0.5,0.5,0.37473151,0.62526849,1
val,S22_AC01_F00061,average_fusion,0,0.59153557,0.40846443,0.44786912,0.55213088,0.5,0.5,0.5,0.5,0.51970235,0.48029765,0
val,S22_AC01_F00091,average_fusion,0,0.09877402,0.90122598,0.51344144,0.48655856,0.5,0.5,0.5,0.5,0.30610773,0.69389227,1
val,S22_AC05_F00001,average_fusion,1,0.29599261,0.70400739,0.38361657,0.61638343,0.5,0.5,0.5,0.5,0.33980459,0.66019541,1
val,S22_AC05_F00031,average_fusion,1,0.25886011,0.74113989,0.41050565,0.58949435,0.5,0.5,0.5,0.5,0.33468288,0.66531712,1
val,S22_AC05_F00061,average_fusion,1,0.19453841,0.80546159,0.39563626,0.60436374,0.5,0.5,0.5,0.5,0.29508734,0.70491266,1
val,S22_AC05_F00091,average_fusion,1,0.35463279,0.64536721,0.34554076,0.65445924,0.5,0.5,0.5,0.5,0.35008678,0.64991322,1
val,S22_AC06_F00001,average_fusion,1,0.61079261,0.38920739,0.46271348,0.53728652,0.5,0.5,0.5,0.5,0.53675304,0.46324696,0
val,S22_AC06_F00031,average_fusion,1,0.66583097,0.33416903,0.28226084,0.71773916,0.5,0.5,0.5,0.5,0.4740459,0.5259541,1
val,S22_AC06_F00061,average_fusion,1,0.44306719,0.55693281,0.33899939,0.66100061,0.5,0.5,0.5,0.5,0.39103329,0.60896671,1
val,S22_AC06_F00091,average_fusion,1,0.45017993,0.54982007,0.4047026,0.5952974,0.5,0.5,0.5,0.5,0.42744127,0.57255873,1
val,S22_AC06_F00121,average_fusion,1,0.41615212,0.58384788,0.37193149,0.62806851,0.5,0.5,0.5,0.5,0.39404181,0.60595819,1
val,S22_AC07_F00001,average_fusion,1,0.25849527,0.74150473,0.19781274,0.80218726,0.5,0.5,0.5,0.5,0.228154,0.771846,1
val,S22_AC07_F00031,average_fusion,1,0.290353,0.709647,0.13235605,0.86764395,0.5,0.5,0.5,0.5,0.21135452,0.78864548,1
val,S22_AC07_F00061,average_fusion,1,0.1784659,0.8215341,0.21690422,0.78309578,0.5,0.5,0.5,0.5,0.19768506,0.80231494,1
val,S22_AC07_F00091,average_fusion,1,0.12922233,0.87077767,0.27669251,0.72330749,0.5,0.5,0.5,0.5,0.20295742,0.79704258,1
val,S22_AC07_F00121,average_fusion,1,0.12713844,0.87286156,0.17324543,0.82675457,0.5,0.5,0.5,0.5,0.15019193,0.84980807,1
val,S22_AC08_F00001,average_fusion,1,0.20390099,0.79609901,0.40074456,0.59925544,0.5,0.5,0.5,0.5,0.30232278,0.69767722,1
val,S22_AC08_F00031,average_fusion,1,0.44227308,0.55772692,0.56936207,0.43063793,0.5,0.5,0.5,0.5,0.50581758,0.49418242,0
val,S22_AC08_F00061,average_fusion,1,0.21483946,0.78516054,0.33562273,0.66437727,0.5,0.5,0.5,0.5,0.27523109,0.72476891,1
val,S22_AC08_F00091,average_fusion,1,0.198524,0.801476,0.32607698,0.67392302,0.5,0.5,0.5,0.5,0.26230049,0.73769951,1
val,S22_AC09_F00001,average_fusion,1,0.50634426,0.49365574,0.45315826,0.54684174,0.5,0.5,0.5,0.5,0.47975126,0.52024874,1
val,S22_AC09_F00031,average_fusion,1,0.18819612,0.81180388,0.47553962,0.52446038,0.5,0.5,0.5,0.5,0.33186787,0.66813213,1
val,S22_AC09_F00061,average_fusion,1,0.33582383,0.66417617,0.36237806,0.63762194,0.5,0.5,0.5,0.5,0.34910095,0.65089905,1
val,S22_AC09_F00091,average_fusion,1,0.13719541,0.86280459,0.41146952,0.58853048,0.5,0.5,0.5,0.5,0.27433246,0.72566754,1
val,S22_AC09_F00121,average_fusion,1,0.25038248,0.74961752,0.34677327,0.65322673,0.5,0.5,0.5,0.5,0.29857787,0.70142213,1
val,S22_AC09_F00151,average_fusion,1,0.18115914,0.81884086,0.32859468,0.67140532,0.5,0.5,0.5,0.5,0.25487691,0.74512309,1
val,S27_AC01_F00001,average_fusion,0,0.58585119,0.41414881,0.47768545,0.52231455,0.5,0.5,0.5,0.5,0.53176832,0.46823168,0
val,S27_AC01_F00031,average_fusion,0,0.59759665,0.40240335,0.53237405,0.46762595,0.5,0.5,0.5,0.5,0.56498535,0.43501465,0
val,S27_AC01_F00061,average_fusion,0,0.04800183,0.95199817,0.18385166,0.81614834,0.5,0.5,0.5,0.5,0.11592674,0.88407326,1
val,S27_AC05_F00001,average_fusion,1,0.17804211,0.82195789,0.36144984,0.63855016,0.5,0.5,0.5,0.5,0.26974598,0.73025402,1
val,S27_AC05_F00031,average_fusion,1,0.16065407,0.83934593,0.34615612,0.65384388,0.5,0.5,0.5,0.5,0.25340509,0.74659491,1
val,S27_AC05_F00061,average_fusion,1,0.28404492,0.71595508,0.36976117,0.63023883,0.5,0.5,0.5,0.5,0.32690305,0.67309695,1
val,S27_AC05_F00091,average_fusion,1,0.17384034,0.82615966,0.35265511,0.64734489,0.5,0.5,0.5,0.5,0.26324773,0.73675227,1
val,S27_AC06_F00001,average_fusion,1,0.06831819,0.93168181,0.35454226,0.64545774,0.5,0.5,0.5,0.5,0.21143022,0.78856978,1
val,S27_AC06_F00031,average_fusion,1,0.1278674,0.8721326,0.32642496,0.67357504,0.5,0.5,0.5,0.5,0.22714618,0.77285382,1
val,S27_AC06_F00061,average_fusion,1,0.12353772,0.87646228,0.23570836,0.76429164,0.5,0.5,0.5,0.5,0.17962304,0.82037696,1
val,S27_AC07_F00001,average_fusion,1,0.38415474,0.61584526,0.40686643,0.59313357,0.5,0.5,0.5,0.5,0.39551058,0.60448942,1
val,S27_AC07_F00031,average_fusion,1,0.09318501,0.90681499,0.32595021,0.67404979,0.5,0.5,0.5,0.5,0.20956761,0.79043239,1
val,S27_AC07_F00061,average_fusion,1,0.11053371,0.88946629,0.27900958,0.72099042,0.5,0.5,0.5,0.5,0.19477165,0.80522835,1
val,S27_AC07_F00091,average_fusion,1,0.20713693,0.79286307,0.31024462,0.68975538,0.5,0.5,0.5,0.5,0.25869077,0.74130923,1
val,S27_AC08_F00001,average_fusion,1,0.27102357,0.72897643,0.24457246,0.75542754,0.5,0.5,0.5,0.5,0.25779802,0.74220198,1
val,S27_AC08_F00031,average_fusion,1,0.16891831,0.83108169,0.39144325,0.60855675,0.5,0.5,0.5,0.5,0.28018078,0.71981922,1
val,S27_AC08_F00061,average_fusion,1,0.13581318,0.86418682,0.43692207,0.56307793,0.5,0.5,0.5,0.5,0.28636762,0.71363238,1
val,S27_AC08_F00091,average_fusion,1,0.18572116,0.81427884,0.27689487,0.72310513,0.5,0.5,0.5,0.5,0.23130801,0.76869199,1
val,S27_AC09_F00001,average_fusion,1,0.17295003,0.82704997,0.15858501,0.84141499,0.5,0.5,0.5,0.5,0.16576752,0.83423248,1
val,S27_AC09_F00031,average_fusion,1,0.07145995,0.92854005,0.23564607,0.76435393,0.5,0.5,0.5,0.5,0.15355301,0.84644699,1
val,S27_AC09_F00061,average_fusion,1,0.19627929,0.80372071,0.25729233,0.74270767,0.5,0.5,0.5,0.5,0.22678581,0.77321419,1
val,S27_AC09_F00091,average_fusion,1,0.11681533,0.88318467,0.38352901,0.61647099,0.5,0.5,0.5,0.5,0.25017217,0.74982783,1
val,S41_AC01_F00001,average_fusion,0,0.31344563,0.68655437,0.27328908,0.72671092,0.5,0.5,0.5,0.5,0.29336736,0.70663264,1
val,S41_AC01_F00031,average_fusion,0,0.4465943,0.5534057,0.27288538,0.72711462,0.5,0.5,0.5,0.5,0.35973984,0.64026016,1
val,S41_AC01_F00061,average_fusion,0,0.75925405,0.24074595,0.39279604,0.60720396,0.5,0.5,0.5,0.5,0.57602505,0.42397495,0
val,S41_AC01_F00091,average_fusion,0,0.53722554,0.46277446,0.20470935,0.79529065,0.5,0.5,0.5,0.5,0.37096745,0.62903255,1
val,S41_AC01_F00121,average_fusion,0,0.51069281,0.48930719,0.24838281,0.75161719,0.5,0.5,0.5,0.5,0.37953781,0.62046219,1
val,S41_AC05_F00001,average_fusion,1,0.54098952,0.45901048,0.2425108,0.7574892,0.5,0.5,0.5,0.5,0.39175016,0.60824984,1
val,S41_AC05_F00031,average_fusion,1,0.4691956,0.5308044,0.21067935,0.78932065,0.5,0.5,0.5,0.5,0.33993748,0.66006252,1
val,S41_AC05_F00061,average_fusion,1,0.10973316,0.89026684,0.26773542,0.73226458,0.5,0.5,0.5,0.5,0.18873429,0.81126571,1
val,S41_AC05_F00091,average_fusion,1,0.17786139,0.82213861,0.13699162,0.86300838,0.5,0.5,0.5,0.5,0.15742651,0.84257349,1
val,S41_AC05_F00121,average_fusion,1,0.11227864,0.88772136,0.16815144,0.83184856,0.5,0.5,0.5,0.5,0.14021504,0.85978496,1
val,S41_AC06_F00001,average_fusion,1,0.5894331,0.4105669,0.17916501,0.82083499,0.5,0.5,0.5,0.5,0.38429905,0.61570095,1
val,S41_AC06_F00031,average_fusion,1,0.24542898,0.75457102,0.3066752,0.6933248,0.5,0.5,0.5,0.5,0.27605209,0.72394791,1
val,S41_AC06_F00061,average_fusion,1,0.29268748,0.70731252,0.23642135,0.76357865,0.5,0.5,0.5,0.5,0.26455441,0.73544559,1
val,S41_AC06_F00091,average_fusion,1,0.24267626,0.75732374,0.2141673,0.7858327,0.5,0.5,0.5,0.5,0.22842178,0.77157822,1
val,S41_AC06_F00121,average_fusion,1,0.10929829,0.89070171,0.18227559,0.81772441,0.5,0.5,0.5,0.5,0.14578694,0.85421306,1
val,S41_AC06_F00151,average_fusion,1,0.46552151,0.53447849,0.26625609,0.73374391,0.5,0.5,0.5,0.5,0.3658888,0.6341112,1
val,S41_AC07_F00001,average_fusion,1,0.20674682,0.79325318,0.31003666,0.68996334,0.5,0.5,0.5,0.5,0.25839174,0.74160826,1
val,S41_AC07_F00031,average_fusion,1,0.24315721,0.75684279,0.16120899,0.83879101,0.5,0.5,0.5,0.5,0.2021831,0.7978169,1
val,S41_AC07_F00061,average_fusion,1,0.18747747,0.81252253,0.14733642,0.85266358,0.5,0.5,0.5,0.5,0.16740695,0.83259305,1
val,S41_AC07_F00091,average_fusion,1,0.35790139,0.64209861,0.0982281,0.9017719,0.5,0.5,0.5,0.5,0.22806475,0.77193525,1
val,S41_AC07_F00121,average_fusion,1,0.17441976,0.82558024,0.13706911,0.86293089,0.5,0.5,0.5,0.5,0.15574443,0.84425557,1
val,S41_AC08_F00001,average_fusion,1,0.48291123,0.51708877,0.28176045,0.71823955,0.5,0.5,0.5,0.5,0.38233584,0.61766416,1
val,S41_AC08_F00031,average_fusion,1,0.1915077,0.8084923,0.34558034,0.65441966,0.5,0.5,0.5,0.5,0.26854402,0.73145598,1
val,S41_AC08_F00061,average_fusion,1,0.35789537,0.64210463,0.28538531,0.71461469,0.5,0.5,0.5,0.5,0.32164034,0.67835966,1
val,S41_AC08_F00091,average_fusion,1,0.341223,0.658777,0.19592422,0.80407578,0.5,0.5,0.5,0.5,0.26857361,0.73142639,1
val,S41_AC08_F00121,average_fusion,1,0.30209273,0.69790727,0.21481109,0.78518891,0.5,0.5,0.5,0.5,0.25845191,0.74154809,1
val,S41_AC09_F00001,average_fusion,1,0.34434074,0.65565926,0.4356032,0.5643968,0.5,0.5,0.5,0.5,0.38997197,0.61002803,1
val,S41_AC09_F00031,average_fusion,1,0.51120335,0.48879665,0.20874834,0.79125166,0.5,0.5,0.5,0.5,0.35997584,0.64002416,1
val,S41_AC09_F00061,average_fusion,1,0.29898942,0.70101058,0.23226422,0.76773578,0.5,0.5,0.5,0.5,0.26562682,0.73437318,1
val,S41_AC09_F00091,average_fusion,1,0.50443357,0.49556643,0.27280849,0.72719151,0.5,0.5,0.5,0.5,0.38862103,0.61137897,1
val,S41_AC09_F00121,average_fusion,1,0.14518434,0.85481566,0.23151654,0.76848346,0.5,0.5,0.5,0.5,0.18835044,0.81164956,1
val,S41_AC09_F00151,average_fusion,1,0.43924999,0.56075001,0.26867771,0.73132229,0.5,0.5,0.5,0.5,0.35396385,0.64603615,1
val,S41_AC09_F00181,average_fusion,1,0.0672695,0.9327305,0.32118481,0.67881519,0.5,0.5,0.5,0.5,0.19422716,0.80577284,1
val,S41_AC09_F00211,average_fusion,1,0.32326186,0.67673814,0.23652625,0.76347375,0.5,0.5,0.5,0.5,0.27989405,0.72010595,1
val,S01_AC01_F00001,legacy_adaptive_softmax,0,0.67851746,0.32148254,0.54759353,0.45240647,0.17851746,0.04759353,0.53268431,0.46731569,0.61733466,0.38266534,0
val,S01_AC01_F00031,legacy_adaptive_softmax,0,0.64711916,0.35288084,0.54346159,0.45653841,0.14711916,0.04346159,0.52589121,0.47410879,0.5979742,0.4020258,0
val,S01_AC01_F00061,legacy_adaptive_softmax,0,0.59691387,0.40308613,0.57989475,0.42010525,0.09691387,0.07989475,0.50425468,0.49574532,0.58847672,0.41152328,0
val,S01_AC01_F00091,legacy_adaptive_softmax,0,0.69248837,0.30751163,0.58147436,0.41852564,0.19248837,0.08147436,0.52772503,0.47227497,0.64005924,0.35994076,0
val,S01_AC05_F00001,legacy_adaptive_softmax,1,0.17066455,0.82933545,0.4904235,0.5095765,0.32933545,0.0095765,0.57926551,0.42073449,0.30519817,0.69480183,1
val,S01_AC05_F00031,legacy_adaptive_softmax,1,0.26763594,0.73236406,0.48675776,0.51324224,0.23236406,0.01324224,0.55456231,0.44543769,0.36524106,0.63475894,1
val,S01_AC05_F00061,legacy_adaptive_softmax,1,0.1711399,0.8288601,0.39579391,0.60420609,0.3288601,0.10420609,0.55592848,0.44407152,0.27090235,0.72909765,1
val,S01_AC06_F00001,legacy_adaptive_softmax,1,0.048554,0.951446,0.29191679,0.70808321,0.451446,0.20808321,0.56054219,0.43945781,0.15550168,0.84449832,1
val,S01_AC06_F00031,legacy_adaptive_softmax,1,0.29440004,0.70559996,0.30750668,0.69249332,0.20559996,0.19249332,0.50327661,0.49672339,0.30091041,0.69908959,1
val,S01_AC06_F00061,legacy_adaptive_softmax,1,0.35658914,0.64341086,0.41916943,0.58083057,0.14341086,0.08083057,0.51563997,0.48436003,0.38690053,0.61309947,1
val,S01_AC06_F00091,legacy_adaptive_softmax,1,0.35133362,0.64866638,0.48369378,0.51630622,0.14866638,0.01630622,0.53304182,0.46695818,0.41314028,0.58685972,1
val,S01_AC07_F00001,legacy_adaptive_softmax,1,0.33459806,0.66540194,0.29282415,0.70717585,0.16540194,0.20717585,0.48955804,0.51044196,0.31327491,0.68672509,1
val,S01_AC07_F00031,legacy_adaptive_softmax,1,0.18035942,0.81964058,0.28041667,0.71958333,0.31964058,0.21958333,0.52499346,0.47500654,0.22788727,0.77211273,1
val,S01_AC07_F00061,legacy_adaptive_softmax,1,0.1419605,0.8580395,0.17343062,0.82656938,0.3580395,0.32656938,0.50786688,0.49213312,0.15744799,0.84255201,1
val,S01_AC07_F00091,legacy_adaptive_softmax,1,0.24318343,0.75681657,0.32533288,0.67466712,0.25681657,0.17466712,0.52052582,0.47947418,0.28257197,0.71742803,1
val,S01_AC08_F00001,legacy_adaptive_softmax,1,0.2022413,0.7977587,0.49428904,0.50571096,0.2977587,0.00571096,0.57249738,0.42750262,0.32709248,0.67290752,1
val,S01_AC08_F00031,legacy_adaptive_softmax,1,0.18095696,0.81904304,0.37091947,0.62908053,0.31904304,0.12908053,0.54734833,0.45265167,0.26694381,0.73305619,1
val,S01_AC08_F00061,legacy_adaptive_softmax,1,0.24371243,0.75628757,0.4834218,0.5165782,0.25628757,0.0165782,0.55964203,0.44035797,0.34927036,0.65072964,1
val,S01_AC08_F00091,legacy_adaptive_softmax,1,0.11862838,0.88137162,0.54537871,0.45462129,0.38137162,0.04537871,0.58321682,0.41678318,0.29649074,0.70350926,1
val,S01_AC09_F00001,legacy_adaptive_softmax,1,0.28115386,0.71884614,0.4552753,0.5447247,0.21884614,0.0447247,0.54342071,0.45657929,0.3606541,0.6393459,1
val,S01_AC09_F00031,legacy_adaptive_softmax,1,0.15888745,0.84111255,0.37530893,0.62469107,0.34111255,0.12469107,0.55389517,0.44610483,0.25543412,0.74456588,1
val,S01_AC09_F00061,legacy_adaptive_softmax,1,0.18695241,0.81304759,0.42480898,0.57519102,0.31304759,0.07519102,0.55918537,0.44081463,0.29180307,0.70819693,1
val,S02_AC01_F00001,legacy_adaptive_softmax,0,0.14110088,0.85889912,0.43799675,0.56200325,0.35889912,0.06200325,0.57368351,0.42631649,0.26767249,0.73232751,1
val,S02_AC01_F00031,legacy_adaptive_softmax,0,0.54876789,0.45123211,0.39342874,0.60657126,0.04876789,0.10657126,0.48555318,0.51444682,0.46885416,0.53114584,1
val,S02_AC01_F00061,legacy_adaptive_softmax,0,0.5368236,0.4631764,0.50433934,0.49566066,0.0368236,0.00433934,0.50812035,0.49187965,0.52084525,0.47915475,0
val,S02_AC01_F00091,legacy_adaptive_softmax,0,0.56200248,0.43799752,0.42692453,0.57307547,0.06200248,0.07307547,0.49723178,0.50276822,0.49408958,0.50591042,1
val,S02_AC01_F00121,legacy_adaptive_softmax,0,0.53464293,0.46535707,0.53413516,0.46586484,0.03464293,0.03413516,0.50012694,0.49987306,0.53438911,0.46561089,0
val,S02_AC05_F00001,legacy_adaptive_softmax,1,0.77406563,0.22593437,0.47624755,0.52375245,0.27406563,0.02375245,0.56225358,0.43774642,0.64369683,0.35630317,0
val,S02_AC05_F00031,legacy_adaptive_softmax,1,0.51017526,0.48982474,0.46392202,0.53607798,0.01017526,0.03607798,0.49352468,0.50647532,0.48674914,0.51325086,1
val,S02_AC05_F00061,legacy_adaptive_softmax,1,0.45391482,0.54608518,0.4554261,0.5445739,0.04608518,0.0445739,0.50037782,0.49962218,0.45466989,0.54533011,1
val,S02_AC05_F00091,legacy_adaptive_softmax,1,0.45269608,0.54730392,0.41484332,0.58515668,0.04730392,0.08515668,0.49053794,0.50946206,0.43341154,0.56658846,1
val,S02_AC05_F00121,legacy_adaptive_softmax,1,0.4708029,0.5291971,0.3518669,0.6481331,0.0291971,0.1481331,0.470301,0.529699,0.40780262,0.59219738,1
val,S02_AC05_F00151,legacy_adaptive_softmax,1,0.42045677,0.57954323,0.44043976,0.55956024,0.07954323,0.05956024,0.50499558,0.49500442,0.43034844,0.56965156,1
val,S02_AC05_F00181,legacy_adaptive_softmax,1,0.47235471,0.52764529,0.34358537,0.65641463,0.02764529,0.15641463,0.46785208,0.53214792,0.40383037,0.59616963,1
val,S02_AC06_F00001,legacy_adaptive_softmax,1,0.64565456,0.35434544,0.56597331,0.43402669,0.14565456,0.06597331,0.51990978,0.48009022,0.60740037,0.39259963,0
val,S02_AC06_F00031,legacy_adaptive_softmax,1,0.51187447,0.48812553,0.47003549,0.52996451,0.01187447,0.02996451,0.49547761,0.50452239,0.49076577,0.50923423,1
val,S02_AC06_F00061,legacy_adaptive_softmax,1,0.63964009,0.36035991,0.53746879,0.46253121,0.13964009,0.03746879,0.52552063,0.47447937,0.59116192,0.40883808,0
val,S02_AC06_F00091,legacy_adaptive_softmax,1,0.66202664,0.33797336,0.48044246,0.51955754,0.16202664,0.01955754,0.53555715,0.46444285,0.57769117,0.42230883,0
val,S02_AC06_F00121,legacy_adaptive_softmax,1,0.38545197,0.61454803,0.3380087,0.6619913,0.11454803,0.1619913,0.48814141,0.51185859,0.36116773,0.63883227,1
val,S02_AC07_F00001,legacy_adaptive_softmax,1,0.59499854,0.40500146,0.47475088,0.52524912,0.09499854,0.02524912,0.51743029,0.48256971,0.53697066,0.46302934,0
val,S02_AC07_F00031,legacy_adaptive_softmax,1,0.24741679,0.75258321,0.39304739,0.60695261,0.25258321,0.10695261,0.53634344,0.46365656,0.31493938,0.68506062,1
val,S02_AC07_F00061,legacy_adaptive_softmax,1,0.08803958,0.91196042,0.34168786,0.65831214,0.41196042,0.15831214,0.56307426,0.43692574,0.19886504,0.80113496,1
val,S02_AC07_F00091,legacy_adaptive_softmax,1,0.09243256,0.90756744,0.37371629,0.62628371,0.40756744,0.12628371,0.56986092,0.43013908,0.21342369,0.78657631,1
val,S02_AC07_F00121,legacy_adaptive_softmax,1,0.1159901,0.8840099,0.27464968,0.72535032,0.3840099,0.22535032,0.5395819,0.4604181,0.18903984,0.81096016,1
val,S02_AC08_F00001,legacy_adaptive_softmax,1,0.26639348,0.73360652,0.59259871,0.40740129,0.23360652,0.09259871,0.53519366,0.46480634,0.41801574,0.58198426,1
val,S02_AC08_F00031,legacy_adaptive_softmax,1,0.590462,0.409538,0.34066111,0.65933889,0.090462,0.15933889,0.48278758,0.51721242,0.46126188,0.53873812,1
val,S02_AC08_F00061,legacy_adaptive_softmax,1,0.48423415,0.51576585,0.36292183,0.63707817,0.01576585,0.13707817,0.46970906,0.53029094,0.41990333,0.58009667,1
val,S02_AC08_F00091,legacy_adaptive_softmax,1,0.66571409,0.33428591,0.34162843,0.65837157,0.16571409,0.15837157,0.50183562,0.49816438,0.50426616,0.49573384,0
val,S02_AC08_F00121,legacy_adaptive_softmax,1,0.81380469,0.18619531,0.36566907,0.63433093,0.31380469,0.13433093,0.54474839,0.45525161,0.60979023,0.39020977,0
val,S02_AC09_F00001,legacy_adaptive_softmax,1,0.66266918,0.33733082,0.3056798,0.6943202,0.16266918,0.1943202,0.49208791,0.50791209,0.48134996,0.51865004,1
val,S02_AC09_F00031,legacy_adaptive_softmax,1,0.29563898,0.70436102,0.38682956,0.61317044,0.20436102,0.11317044,0.52278186,0.47721814,0.33915678,0.66084322,1
val,S02_AC09_F00061,legacy_adaptive_softmax,1,0.34847319,0.65152681,0.35655636,0.64344364,0.15152681,0.14344364,0.50202078,0.49797922,0.35249844,0.64750156,1
val,S02_AC09_F00091,legacy_adaptive_softmax,1,0.09134227,0.90865773,0.42245579,0.57754421,0.40865773,0.07754421,0.58203029,0.41796971,0.22973769,0.77026231,1
val,S03_AC01_F00001,legacy_adaptive_softmax,0,0.57804191,0.42195809,0.51757336,0.48242664,0.07804191,0.01757336,0.51511253,0.48488747,0.54872147,0.45127853,0
val,S03_AC01_F00031,legacy_adaptive_softmax,0,0.62459415,0.37540585,0.53705904,0.46294096,0.12459415,0.03705904,0.52186982,0.47813018,0.58274097,0.41725903,0
val,S03_AC01_F00061,legacy_adaptive_softmax,0,0.5999566,0.4000434,0.57154262,0.42845738,0.0999566,0.07154262,0.50710302,0.49289698,0.58595144,0.41404856,0
val,S03_AC01_F00091,legacy_adaptive_softmax,0,0.70857638,0.29142362,0.58021826,0.41978174,0.20857638,0.08021826,0.53204555,0.46795445,0.64851062,0.35148938,0
val,S03_AC01_F00121,legacy_adaptive_softmax,0,0.06131673,0.93868327,0.48568904,0.51431096,0.43868327,0.01431096,0.60452903,0.39547097,0.22914366,0.77085634,1
val,S03_AC05_F00001,legacy_adaptive_softmax,1,0.20485234,0.79514766,0.18584496,0.81415504,0.29514766,0.31415504,0.4952483,0.5047517,0.19525833,0.80474167,1
val,S03_AC05_F00031,legacy_adaptive_softmax,1,0.17705494,0.82294506,0.23981512,0.76018488,0.32294506,0.26018488,0.5156849,0.4843151,0.20745064,0.79254936,1
val,S03_AC05_F00061,legacy_adaptive_softmax,1,0.24632293,0.75367707,0.33953947,0.66046053,0.25367707,0.16046053,0.52328727,0.47671273,0.29076044,0.70923956,1
val,S03_AC05_F00091,legacy_adaptive_softmax,1,0.2646656,0.7353344,0.19098443,0.80901557,0.2353344,0.30901557,0.48158804,0.51841196,0.2264684,0.7735316,1
val,S03_AC05_F00121,legacy_adaptive_softmax,1,0.27407235,0.72592765,0.48472756,0.51527244,0.22592765,0.01527244,0.55246991,0.44753009,0.36834689,0.63165311,1
val,S03_AC06_F00001,legacy_adaptive_softmax,1,0.26647884,0.73352116,0.25156599,0.74843401,0.23352116,0.24843401,0.49627186,0.50372814,0.25896682,0.74103318,1
val,S03_AC06_F00031,legacy_adaptive_softmax,1,0.51627225,0.48372775,0.32692355,0.67307645,0.01627225,0.17307645,0.46087907,0.53912093,0.4141904,0.5858096,1
val,S03_AC06_F00061,legacy_adaptive_softmax,1,0.2428205,0.7571795,0.36088395,0.63911605,0.2571795,0.13911605,0.52948163,0.47051837,0.29837152,0.70162848,1
val,S03_AC06_F00091,legacy_adaptive_softmax,1,0.15341079,0.84658921,0.30009067,0.69990933,0.34658921,0.19990933,0.53660436,0.46339564,0.22138161,0.77861839,1
val,S03_AC06_F00121,legacy_adaptive_softmax,1,0.26883692,0.73116308,0.1858356,0.8141644,0.23116308,0.3141644,0.47926158,0.52073842,0.22561494,0.77438506,1
val,S03_AC07_F00001,legacy_adaptive_softmax,1,0.10434383,0.89565617,0.38451684,0.61548316,0.39565617,0.11548316,0.56958864,0.43041136,0.22493348,0.77506652,1
val,S03_AC07_F00031,legacy_adaptive_softmax,1,0.2609635,0.7390365,0.28589201,0.71410799,0.2390365,0.21410799,0.5062318,0.4937682,0.27327241,0.72672759,1
val,S03_AC07_F00061,legacy_adaptive_softmax,1,0.13651806,0.86348194,0.32054144,0.67945856,0.36348194,0.17945856,0.54587645,0.45412355,0.22008741,0.77991259,1
val,S03_AC07_F00091,legacy_adaptive_softmax,1,0.15055096,0.84944904,0.19159508,0.80840492,0.34944904,0.30840492,0.51025959,0.48974041,0.17065192,0.82934808,1
val,S03_AC07_F00121,legacy_adaptive_softmax,1,0.22086823,0.77913177,0.26712048,0.73287952,0.27913177,0.23287952,0.511561,0.488439,0.24345963,0.75654037,1
val,S03_AC07_F00151,legacy_adaptive_softmax,1,0.21324569,0.78675431,0.23004937,0.76995063,0.28675431,0.26995063,0.50420082,0.49579918,0.22157694,0.77842306,1
val,S03_AC07_F00181,legacy_adaptive_softmax,1,0.10639668,0.89360332,0.08916879,0.91083121,0.39360332,0.41083121,0.49569313,0.50430687,0.09770853,0.90229147,1
val,S03_AC08_F00001,legacy_adaptive_softmax,1,0.43296927,0.56703073,0.49675137,0.50324863,0.06703073,0.00324863,0.51594012,0.48405988,0.46384363,0.53615637,1
val,S03_AC08_F00031,legacy_adaptive_softmax,1,0.20399803,0.79600197,0.44658834,0.55341166,0.29600197,0.05341166,0.56035189,0.43964811,0.3106524,0.6893476,1
val,S03_AC08_F00061,legacy_adaptive_softmax,1,0.1857118,0.8142882,0.46052361,0.53947639,0.3142882,0.03947639,0.56827381,0.43172619,0.30435525,0.69564475,1
val,S03_AC08_F00091,legacy_adaptive_softmax,1,0.1108259,0.8891741,0.44584656,0.55415344,0.3891741,0.05415344,0.58298048,0.41701952,0.25053605,0.74946395,1
val,S03_AC08_F00121,legacy_adaptive_softmax,1,0.68741521,0.31258479,0.42055225,0.57944775,0.18741521,0.07944775,0.52696568,0.47303432,0.56117987,0.43882013,0
val,S03_AC08_F00151,legacy_adaptive_softmax,1,0.54552978,0.45447022,0.43064672,0.56935328,0.04552978,0.06935328,0.49404441,0.50595559,0.48740405,0.51259595,1
val,S03_AC09_F00001,legacy_adaptive_softmax,1,0.17805916,0.82194084,0.50653389,0.49346611,0.32194084,0.00653389,0.57820448,0.42179552,0.31660833,0.68339167,1
val,S03_AC09_F00031,legacy_adaptive_softmax,1,0.45133567,0.54866433,0.4240821,0.5759179,0.04866433,0.0759179,0.49318703,0.50681297,0.43752321,0.56247679,1
val,S03_AC09_F00061,legacy_adaptive_softmax,1,0.20599931,0.79400069,0.51595357,0.48404643,0.29400069,0.01595357,0.56906738,0.43093262,0.33956871,0.66043129,1
val,S03_AC09_F00091,legacy_adaptive_softmax,1,0.05780309,0.94219691,0.48254299,0.51745701,0.44219691,0.01745701,0.60461691,0.39538309,0.22573807,0.77426193,1
val,S03_AC09_F00121,legacy_adaptive_softmax,1,0.19103873,0.80896127,0.45034367,0.54965633,0.30896127,0.04965633,0.56446542,0.43553458,0.303975,0.696025,1
val,S15_AC01_F00001,legacy_adaptive_softmax,0,0.42769206,0.57230794,0.523581,0.476419,0.07230794,0.023581,0.51217933,0.48782067,0.47446866,0.52553134,1
val,S15_AC01_F00031,legacy_adaptive_softmax,0,0.76561508,0.23438492,0.54473501,0.45526499,0.26561508,0.04473501,0.5549966,0.4450034,0.6673227,0.3326773,0
val,S15_AC01_F00061,legacy_adaptive_softmax,0,0.84882228,0.15117772,0.52642068,0.47357932,0.34882228,0.02642068,0.57990943,0.42009057,0.71338441,0.28661559,0
val,S15_AC01_F00091,legacy_adaptive_softmax,0,0.74394268,0.25605732,0.54377744,0.45622256,0.24394268,0.04377744,0.5498749,0.4501251,0.65384328,0.34615672,0
val,S15_AC05_F00001,legacy_adaptive_softmax,1,0.47287297,0.52712703,0.3173849,0.6826151,0.02712703,0.1826151,0.46120611,0.53879389,0.38909695,0.61090305,1
val,S15_AC05_F00031,legacy_adaptive_softmax,1,0.50201303,0.49798697,0.29839402,0.70160598,0.00201303,0.20160598,0.45026676,0.54973324,0.39007689,0.60992311,1
val,S15_AC05_F00061,legacy_adaptive_softmax,1,0.31347775,0.68652225,0.38100529,0.61899471,0.18652225,0.11899471,0.51687547,0.48312453,0.34610196,0.65389804,1
val,S15_AC06_F00001,legacy_adaptive_softmax,1,0.06831783,0.93168217,0.38254297,0.61745703,0.43168217,0.11745703,0.57791623,0.42208377,0.20094716,0.79905284,1
val,S15_AC06_F00031,legacy_adaptive_softmax,1,0.21439666,0.78560334,0.52927709,0.47072291,0.28560334,0.02927709,0.56373299,0.43626701,0.3517686,0.6482314,1
val,S15_AC06_F00061,legacy_adaptive_softmax,1,0.31117791,0.68882209,0.42039716,0.57960284,0.18882209,0.07960284,0.5272777,0.4727223,0.36280829,0.63719171,1
val,S15_AC06_F00091,legacy_adaptive_softmax,1,0.29592365,0.70407635,0.48795921,0.51204079,0.20407635,0.01204079,0.54786189,0.45213811,0.38275024,0.61724976,1
val,S15_AC07_F00001,legacy_adaptive_softmax,1,0.04968977,0.95031023,0.15847164,0.84152836,0.45031023,0.34152836,0.52716868,0.47283132,0.10112525,0.89887475,1
val,S15_AC07_F00031,legacy_adaptive_softmax,1,0.14708722,0.85291278,0.30258709,0.69741291,0.35291278,0.19741291,0.53879682,0.46120318,0.21880425,0.78119575,1
val,S15_AC07_F00061,legacy_adaptive_softmax,1,0.2935403,0.7064597,0.2827943,0.7172057,0.2064597,0.2172057,0.49731353,0.50268647,0.28813843,0.71186157,1
val,S15_AC08_F00001,legacy_adaptive_softmax,1,0.13609153,0.86390847,0.38194585,0.61805415,0.36390847,0.11805415,0.56115585,0.43884415,0.24398326,0.75601674,1
val,S15_AC08_F00031,legacy_adaptive_softmax,1,0.14326435,0.85673565,0.52982584,0.47017416,0.35673565,0.02982584,0.5810073,0.4189927,0.30523079,0.69476921,1
val,S15_AC08_F00061,legacy_adaptive_softmax,1,0.14593053,0.85406947,0.48134959,0.51865041,0.35406947,0.01865041,0.58307733,0.41692267,0.28577434,0.71422566,1
val,S15_AC08_F00091,legacy_adaptive_softmax,1,0.1046809,0.8953191,0.46886653,0.53113347,0.3953191,0.03113347,0.59005328,0.40994672,0.2539776,0.7460224,1
val,S15_AC08_F00121,legacy_adaptive_softmax,1,0.22036183,0.77963817,0.39285439,0.60714561,0.27963817,0.10714561,0.54301654,0.45698346,0.29918808,0.70081192,1
val,S15_AC09_F00001,legacy_adaptive_softmax,1,0.34426057,0.65573943,0.46467966,0.53532034,0.15573943,0.03532034,0.53006845,0.46993155,0.4008493,0.5991507,1
val,S15_AC09_F00031,legacy_adaptive_softmax,1,0.08884579,0.91115421,0.29297036,0.70702964,0.41115421,0.20702964,0.55085469,0.44914531,0.18052738,0.81947262,1
val,S15_AC09_F00061,legacy_adaptive_softmax,1,0.1583432,0.8416568,0.1314671,0.8685329,0.3416568,0.3685329,0.49328138,0.50671862,0.14472458,0.85527542,1
val,S15_AC09_F00091,legacy_adaptive_softmax,1,0.21455586,0.78544414,0.33773071,0.66226929,0.28544414,0.16226929,0.53075484,0.46924516,0.27235506,0.72764494,1
val,S15_AC09_F00121,legacy_adaptive_softmax,1,0.16415942,0.83584058,0.33380049,0.66619951,0.33584058,0.16619951,0.54230885,0.45769115,0.24180264,0.75819736,1
val,S20_AC01_F00001,legacy_adaptive_softmax,0,0.43050981,0.56949019,0.23013008,0.76986992,0.06949019,0.26986992,0.45007202,0.54992798,0.32031538,0.67968462,1
val,S20_AC01_F00031,legacy_adaptive_softmax,0,0.43107224,0.56892776,0.28488731,0.71511269,0.06892776,0.21511269,0.46351871,0.53648129,0.35264676,0.64735324,1
val,S20_AC01_F00061,legacy_adaptive_softmax,0,0.32538718,0.67461282,0.32195646,0.67804354,0.17461282,0.17804354,0.49914232,0.50085768,0.32366888,0.67633112,1
val,S20_AC01_F00091,legacy_adaptive_softmax,0,0.37847173,0.62152827,0.29492539,0.70507461,0.12152827,0.20507461,0.47912556,0.52087444,0.33495458,0.66504542,1
val,S20_AC05_F00001,legacy_adaptive_softmax,1,0.22581059,0.77418941,0.2405175,0.7594825,0.27418941,0.2594825,0.50367666,0.49632334,0.23310997,0.76689003,1
val,S20_AC05_F00031,legacy_adaptive_softmax,1,0.32379484,0.67620516,0.3688584,0.6311416,0.17620516,0.1311416,0.51126398,0.48873602,0.34581902,0.65418098,1
val,S20_AC05_F00061,legacy_adaptive_softmax,1,0.31867814,0.68132186,0.35586733,0.64413267,0.18132186,0.14413267,0.50929623,0.49070377,0.33692701,0.66307299,1
val,S20_AC05_F00091,legacy_adaptive_softmax,1,0.30500144,0.69499856,0.49969685,0.50030315,0.19499856,0.00030315,0.54852068,0.45147932,0.39290239,0.60709761,1
val,S20_AC05_F00121,legacy_adaptive_softmax,1,0.2617709,0.7382291,0.36342424,0.63657576,0.2382291,0.13657576,0.52539147,0.47460853,0.31001644,0.68998356,1
val,S20_AC06_F00001,legacy_adaptive_softmax,1,0.30847323,0.69152677,0.22768617,0.77231383,0.19152677,0.27231383,0.47981421,0.52018579,0.26644895,0.73355105,1
val,S20_AC06_F00031,legacy_adaptive_softmax,1,0.26219398,0.73780602,0.24015528,0.75984472,0.23780602,0.25984472,0.49449055,0.50550945,0.25105321,0.74894679,1
val,S20_AC06_F00061,legacy_adaptive_softmax,1,0.1662547,0.8337453,0.26657331,0.73342669,0.3337453,0.23342669,0.52505864,0.47494136,0.21390016,0.78609984,1
val,S20_AC06_F00091,legacy_adaptive_softmax,1,0.20768803,0.79231197,0.23490411,0.76509589,0.29231197,0.26509589,0.5068036,0.4931964,0.2211109,0.7788891,1
val,S20_AC06_F00121,legacy_adaptive_softmax,1,0.11614162,0.88385838,0.30649698,0.69350302,0.38385838,0.19350302,0.54744566,0.45255434,0.20228776,0.79771224,1
val,S20_AC07_F00001,legacy_adaptive_softmax,1,0.25442511,0.74557489,0.25530541,0.74469459,0.24557489,0.24469459,0.50022008,0.49977992,0.25486507,0.74513493,1
val,S20_AC07_F00031,legacy_adaptive_softmax,1,0.33113569,0.66886431,0.26367885,0.73632115,0.16886431,0.23632115,0.48314218,0.51685782,0.29627009,0.70372991,1
val,S20_AC07_F00061,legacy_adaptive_softmax,1,0.22992194,0.77007806,0.2099309,0.7900691,0.27007806,0.2900691,0.49500241,0.50499759,0.21982651,0.78017349,1
val,S20_AC07_F00091,legacy_adaptive_softmax,1,0.14408177,0.85591823,0.19948578,0.80051422,0.35591823,0.30051422,0.51384746,0.48615254,0.17101657,0.82898343,1
val,S20_AC07_F00121,legacy_adaptive_softmax,1,0.2282961,0.7717039,0.24473375,0.75526625,0.2717039,0.25526625,0.50410932,0.49589068,0.23644738,0.76355262,1
val,S20_AC07_F00151,legacy_adaptive_softmax,1,0.2489484,0.7510516,0.27087629,0.72912371,0.2510516,0.22912371,0.50548175,0.49451825,0.25979214,0.74020786,1
val,S20_AC08_F00001,legacy_adaptive_softmax,1,0.25671667,0.74328333,0.23470861,0.76529139,0.24328333,0.26529139,0.49449821,0.50550179,0.24559155,0.75440845,1
val,S20_AC08_F00031,legacy_adaptive_softmax,1,0.20687205,0.79312795,0.30443943,0.69556057,0.29312795,0.19556057,0.52437251,0.47562749,0.25327777,0.74672223,1
val,S20_AC08_F00061,legacy_adaptive_softmax,1,0.26748323,0.73251677,0.22548085,0.77451915,0.23251677,0.27451915,0.48950095,0.51049905,0.24604106,0.75395894,1
val,S20_AC08_F00091,legacy_adaptive_softmax,1,0.16126621,0.83873379,0.29858923,0.70141077,0.33873379,0.20141077,0.53427691,0.46572309,0.22522071,0.77477929,1
val,S20_AC08_F00121,legacy_adaptive_softmax,1,0.28449136,0.71550864,0.34853488,0.65146512,0.21550864,0.15146512,0.51600541,0.48399459,0.31548808,0.68451192,1
val,S20_AC08_F00151,legacy_adaptive_softmax,1,0.41171789,0.58828211,0.24209392,0.75790608,0.08828211,0.25790608,0.45769539,0.54230461,0.31973003,0.68026997,1
val,S20_AC09_F00001,legacy_adaptive_softmax,1,0.03208786,0.96791214,0.29669386,0.70330614,0.46791214,0.20330614,0.56576821,0.43423179,0.1469882,0.8530118,1
val,S20_AC09_F00031,legacy_adaptive_softmax,1,0.11337268,0.88662732,0.25527853,0.74472147,0.38662732,0.24472147,0.53541705,0.46458295,0.17929972,0.82070028,1
val,S20_AC09_F00061,legacy_adaptive_softmax,1,0.07706815,0.92293185,0.27644807,0.72355193,0.42293185,0.22355193,0.54968051,0.45031949,0.16685281,0.83314719,1
val,S20_AC09_F00091,legacy_adaptive_softmax,1,0.09335369,0.90664631,0.32923126,0.67076874,0.40664631,0.17076874,0.55869749,0.44130251,0.19744705,0.80255295,1
val,S20_AC09_F00121,legacy_adaptive_softmax,1,0.06422561,0.93577439,0.37976533,0.62023467,0.43577439,0.12023467,0.57823686,0.42176314,0.19730863,0.80269137,1
val,S22_AC01_F00001,legacy_adaptive_softmax,0,0.17739642,0.82260358,0.29784167,0.70215833,0.32260358,0.20215833,0.53007496,0.46992504,0.23399666,0.76600334,1
val,S22_AC01_F00031,legacy_adaptive_softmax,0,0.21057469,0.78942531,0.53888834,0.46111166,0.28942531,0.03888834,0.56230867,0.43769133,0.35427473,0.64572527,1
val,S22_AC01_F00061,legacy_adaptive_softmax,0,0.59153557,0.40846443,0.44786912,0.55213088,0.09153557,0.05213088,0.5098499,0.4901501,0.52111744,0.47888256,0
val,S22_AC01_F00091,legacy_adaptive_softmax,0,0.09877402,0.90122598,0.51344144,0.48655856,0.40122598,0.01344144,0.59574926,0.40425074,0.26640363,0.73359637,1
val,S22_AC05_F00001,legacy_adaptive_softmax,1,0.29599261,0.70400739,0.38361657,0.61638343,0.20400739,0.11638343,0.52189198,0.47810802,0.33788633,0.66211367,1
val,S22_AC05_F00031,legacy_adaptive_softmax,1,0.25886011,0.74113989,0.41050565,0.58949435,0.24113989,0.08949435,0.5378389,0.4621611,0.32894478,0.67105522,1
val,S22_AC05_F00061,legacy_adaptive_softmax,1,0.19453841,0.80546159,0.39563626,0.60436374,0.30546159,0.10436374,0.55010572,0.44989428,0.28501119,0.71498881,1
val,S22_AC05_F00091,legacy_adaptive_softmax,1,0.35463279,0.64536721,0.34554076,0.65445924,0.14536721,0.15445924,0.49772701,0.50227299,0.35006611,0.64993389,1
val,S22_AC06_F00001,legacy_adaptive_softmax,1,0.61079261,0.38920739,0.46271348,0.53728652,0.11079261,0.03728652,0.51836825,0.48163175,0.539473,0.460527,0
val,S22_AC06_F00031,legacy_adaptive_softmax,1,0.66583097,0.33416903,0.28226084,0.71773916,0.16583097,0.21773916,0.48702586,0.51297414,0.46906941,0.53093059,1
val,S22_AC06_F00061,legacy_adaptive_softmax,1,0.44306719,0.55693281,0.33899939,0.66100061,0.05693281,0.16100061,0.4740065,0.5259935,0.38832821,0.61167179,1
val,S22_AC06_F00091,legacy_adaptive_softmax,1,0.45017993,0.54982007,0.4047026,0.5952974,0.04982007,0.0952974,0.48863263,0.51136737,0.42692431,0.57307569,1
val,S22_AC06_F00121,legacy_adaptive_softmax,1,0.41615212,0.58384788,0.37193149,0.62806851,0.08384788,0.12806851,0.48894664,0.51105336,0.39355302,0.60644698,1
val,S22_AC07_F00001,legacy_adaptive_softmax,1,0.25849527,0.74150473,0.19781274,0.80218726,0.24150473,0.30218726,0.48483402,0.51516598,0.22723369,0.77276631,1
val,S22_AC07_F00031,legacy_adaptive_softmax,1,0.290353,0.709647,0.13235605,0.86764395,0.209647,0.36764395,0.46058273,0.53941727,0.20512671,0.79487329,1
val,S22_AC07_F00061,legacy_adaptive_softmax,1,0.1784659,0.8215341,0.21690422,0.78309578,0.3215341,0.28309578,0.5096084,0.4903916,0.19731573,0.80268427,1
val,S22_AC07_F00091,legacy_adaptive_softmax,1,0.12922233,0.87077767,0.27669251,0.72330749,0.37077767,0.22330749,0.53680087,0.46319913,0.19753039,0.80246961,1
val,S22_AC07_F00121,legacy_adaptive_softmax,1,0.12713844,0.87286156,0.17324543,0.82675457,0.37286156,0.32675457,0.51152471,0.48847529,0.14966056,0.85033944,1
val,S22_AC08_F00001,legacy_adaptive_softmax,1,0.20390099,0.79609901,0.40074456,0.59925544,0.29609901,0.09925544,0.5490526,0.4509474,0.29266709,0.70733291,1
val,S22_AC08_F00031,legacy_adaptive_softmax,1,0.44227308,0.55772692,0.56936207,0.43063793,0.05772692,0.06936207,0.49709124,0.50290876,0.50618725,0.49381275,0
val,S22_AC08_F00061,legacy_adaptive_softmax,1,0.21483946,0.78516054,0.33562273,0.66437727,0.28516054,0.16437727,0.53015916,0.46984084,0.27158837,0.72841163,1
val,S22_AC08_F00091,legacy_adaptive_softmax,1,0.198524,0.801476,0.32607698,0.67392302,0.301476,0.17392302,0.53184508,0.46815492,0.25823856,0.74176144,1
val,S22_AC09_F00001,legacy_adaptive_softmax,1,0.50634426,0.49365574,0.45315826,0.54684174,0.00634426,0.04684174,0.48987701,0.51012299,0.47921286,0.52078714,1
val,S22_AC09_F00031,legacy_adaptive_softmax,1,0.18819612,0.81180388,0.47553962,0.52446038,0.31180388,0.02446038,0.57134565,0.42865435,0.31136716,0.68863284,1
val,S22_AC09_F00061,legacy_adaptive_softmax,1,0.33582383,0.66417617,0.36237806,0.63762194,0.16417617,0.13762194,0.50663817,0.49336183,0.34892468,0.65107532,1
val,S22_AC09_F00091,legacy_adaptive_softmax,1,0.13719541,0.86280459,0.41146952,0.58853048,0.36280459,0.08853048,0.56814189,0.43185811,0.25564291,0.74435709,1
val,S22_AC09_F00121,legacy_adaptive_softmax,1,0.25038248,0.74961752,0.34677327,0.65322673,0.24961752,0.15322673,0.52407906,0.47592094,0.29625688,0.70374312,1
val,S22_AC09_F00151,legacy_adaptive_softmax,1,0.18115914,0.81884086,0.32859468,0.67140532,0.31884086,0.17140532,0.53679226,0.46320774,0.24945242,0.75054758,1
val,S27_AC01_F00001,legacy_adaptive_softmax,0,0.58585119,0.41414881,0.47768545,0.52231455,0.08585119,0.02231455,0.51587882,0.48412118,0.53348587,0.46651413,0
val,S27_AC01_F00031,legacy_adaptive_softmax,0,0.59759665,0.40240335,0.53237405,0.46762595,0.09759665,0.03237405,0.51629987,0.48370013,0.56604847,0.43395153,0
val,S27_AC01_F00061,legacy_adaptive_softmax,0,0.04800183,0.95199817,0.18385166,0.81614834,0.45199817,0.31614834,0.53391032,0.46608968,0.11132003,0.88867997,1
val,S27_AC05_F00001,legacy_adaptive_softmax,1,0.17804211,0.82195789,0.36144984,0.63855016,0.32195789,0.13855016,0.54572383,0.45427617,0.26135987,0.73864013,1
val,S27_AC05_F00031,legacy_adaptive_softmax,1,0.16065407,0.83934593,0.34615612,0.65384388,0.33934593,0.15384388,0.54624298,0.45375702,0.24482693,0.75517307,1
val,S27_AC05_F00061,legacy_adaptive_softmax,1,0.28404492,0.71595508,0.36976117,0.63023883,0.21595508,0.13023883,0.52141595,0.47858405,0.32506735,0.67493265,1
val,S27_AC05_F00091,legacy_adaptive_softmax,1,0.17384034,0.82615966,0.35265511,0.64734489,0.32615966,0.14734489,0.54458496,0.45541504,0.25527528,0.74472472,1
val,S27_AC06_F00001,legacy_adaptive_softmax,1,0.06831819,0.93168181,0.35454226,0.64545774,0.43168181,0.14545774,0.57107147,0.42892853,0.19108786,0.80891214,1
val,S27_AC06_F00031,legacy_adaptive_softmax,1,0.1278674,0.8721326,0.32642496,0.67357504,0.3721326,0.17357504,0.54947694,0.45052306,0.21732216,0.78267784,1
val,S27_AC06_F00061,legacy_adaptive_softmax,1,0.12353772,0.87646228,0.23570836,0.76429164,0.37646228,0.26429164,0.52801329,0.47198671,0.17648077,0.82351923,1
val,S27_AC07_F00001,legacy_adaptive_softmax,1,0.38415474,0.61584526,0.40686643,0.59313357,0.11584526,0.09313357,0.50567768,0.49432232,0.39538163,0.60461837,1
val,S27_AC07_F00031,legacy_adaptive_softmax,1,0.09318501,0.90681499,0.32595021,0.67404979,0.40681499,0.17404979,0.55792998,0.44207002,0.19608352,0.80391648,1
val,S27_AC07_F00061,legacy_adaptive_softmax,1,0.11053371,0.88946629,0.27900958,0.72099042,0.38946629,0.22099042,0.54201962,0.45798038,0.18769236,0.81230764,1
val,S27_AC07_F00091,legacy_adaptive_softmax,1,0.20713693,0.79286307,0.31024462,0.68975538,0.29286307,0.18975538,0.52575411,0.47424589,0.25603533,0.74396467,1
val,S27_AC08_F00001,legacy_adaptive_softmax,1,0.27102357,0.72897643,0.24457246,0.75542754,0.22897643,0.25542754,0.49338761,0.50661239,0.25762311,0.74237689,1
val,S27_AC08_F00031,legacy_adaptive_softmax,1,0.16891831,0.83108169,0.39144325,0.60855675,0.33108169,0.10855675,0.55540281,0.44459719,0.26785228,0.73214772,1
val,S27_AC08_F00061,legacy_adaptive_softmax,1,0.13581318,0.86418682,0.43692207,0.56307793,0.36418682,0.06307793,0.57471357,0.42528643,0.2638707,0.7361293,1
val,S27_AC08_F00091,legacy_adaptive_softmax,1,0.18572116,0.81427884,0.27689487,0.72310513,0.31427884,0.22310513,0.52277765,0.47722235,0.22923129,0.77076871,1
val,S27_AC09_F00001,legacy_adaptive_softmax,1,0.17295003,0.82704997,0.15858501,0.84141499,0.32704997,0.34141499,0.49640881,0.50359119,0.16571593,0.83428407,1
val,S27_AC09_F00031,legacy_adaptive_softmax,1,0.07145995,0.92854005,0.23564607,0.76435393,0.42854005,0.26435393,0.54095457,0.45904543,0.14682884,0.85317116,1
val,S27_AC09_F00061,legacy_adaptive_softmax,1,0.19627929,0.80372071,0.25729233,0.74270767,0.30372071,0.24270767,0.51524853,0.48475147,0.22585545,0.77414455,1
val,S27_AC09_F00091,legacy_adaptive_softmax,1,0.11681533,0.88318467,0.38352901,0.61647099,0.38318467,0.11647099,0.56628594,0.43371406,0.2324928,0.7675072,1
val,S41_AC01_F00001,legacy_adaptive_softmax,0,0.31344563,0.68655437,0.27328908,0.72671092,0.18655437,0.22671092,0.48996221,0.51003779,0.29296427,0.70703573,1
val,S41_AC01_F00031,legacy_adaptive_softmax,0,0.4465943,0.5534057,0.27288538,0.72711462,0.0534057,0.22711462,0.45668164,0.54331836,0.35221506,0.64778494,1
val,S41_AC01_F00061,legacy_adaptive_softmax,0,0.75925405,0.24074595,0.39279604,0.60720396,0.25925405,0.10720396,0.53793946,0.46206054,0.58992826,0.41007174,0
val,S41_AC01_F00091,legacy_adaptive_softmax,0,0.53722554,0.46277446,0.20470935,0.79529065,0.03722554,0.29529065,0.43583941,0.56416059,0.34963301,0.65036699,1
val,S41_AC01_F00121,legacy_adaptive_softmax,0,0.51069281,0.48930719,0.24838281,0.75161719,0.01069281,0.25161719,0.44005856,0.55994144,0.36381457,0.63618543,1
val,S41_AC05_F00001,legacy_adaptive_softmax,1,0.54098952,0.45901048,0.2425108,0.7574892,0.04098952,0.2574892,0.4460855,0.5539145,0.37565783,0.62434217,1
val,S41_AC05_F00031,legacy_adaptive_softmax,1,0.4691956,0.5308044,0.21067935,0.78932065,0.0308044,0.28932065,0.43572848,0.56427152,0.32332225,0.67667775,1
val,S41_AC05_F00061,legacy_adaptive_softmax,1,0.10973316,0.89026684,0.26773542,0.73226458,0.39026684,0.23226458,0.53941859,0.46058141,0.18250607,0.81749393,1
val,S41_AC05_F00091,legacy_adaptive_softmax,1,0.17786139,0.82213861,0.13699162,0.86300838,0.32213861,0.36300838,0.48978398,0.51021602,0.15700898,0.84299102,1
val,S41_AC05_F00121,legacy_adaptive_softmax,1,0.11227864,0.88772136,0.16815144,0.83184856,0.38772136,0.33184856,0.51396457,0.48603543,0.1394348,0.8605652,1
val,S41_AC06_F00001,legacy_adaptive_softmax,1,0.5894331,0.4105669,0.17916501,0.82083499,0.0894331,0.32083499,0.4424063,0.5575937,0.36067019,0.63932981,1
val,S41_AC06_F00031,legacy_adaptive_softmax,1,0.24542898,0.75457102,0.3066752,0.6933248,0.25457102,0.1933248,0.51530677,0.48469323,0.27511461,0.72488539,1
val,S41_AC06_F00061,legacy_adaptive_softmax,1,0.29268748,0.70731252,0.23642135,0.76357865,0.20731252,0.26357865,0.48593718,0.51406282,0.26376315,0.73623685,1
val,S41_AC06_F00091,legacy_adaptive_softmax,1,0.24267626,0.75732374,0.2141673,0.7858327,0.25732374,0.2858327,0.49287324,0.50712676,0.2282186,0.7717814,1
val,S41_AC06_F00121,legacy_adaptive_softmax,1,0.10929829,0.89070171,0.18227559,0.81772441,0.39070171,0.31772441,0.51823623,0.48176377,0.14445611,0.85554389,1
val,S41_AC06_F00151,legacy_adaptive_softmax,1,0.46552151,0.53447849,0.26625609,0.73374391,0.03447849,0.23374391,0.45034783,0.54965217,0.35599484,0.64400516,1
val,S41_AC07_F00001,legacy_adaptive_softmax,1,0.20674682,0.79325318,0.31003666,0.68996334,0.29325318,0.18996334,0.52579953,0.47420047,0.25572691,0.74427309,1
val,S41_AC07_F00031,legacy_adaptive_softmax,1,0.24315721,0.75684279,0.16120899,0.83879101,0.25684279,0.33879101,0.4795244,0.5204756,0.20050516,0.79949484,1
val,S41_AC07_F00061,legacy_adaptive_softmax,1,0.18747747,0.81252253,0.14733642,0.85266358,0.31252253,0.35266358,0.48996609,0.51003391,0.16700417,0.83299583,1
val,S41_AC07_F00091,legacy_adaptive_softmax,1,0.35790139,0.64209861,0.0982281,0.9017719,0.14209861,0.4017719,0.43544402,0.56455598,0.21130128,0.78869872,1
val,S41_AC07_F00121,legacy_adaptive_softmax,1,0.17441976,0.82558024,0.13706911,0.86293089,0.32558024,0.36293089,0.49066342,0.50933658,0.15539571,0.84460429,1
val,S41_AC08_F00001,legacy_adaptive_softmax,1,0.48291123,0.51708877,0.28176045,0.71823955,0.01708877,0.21823955,0.44988118,0.55011882,0.3722544,0.6277456,1
val,S41_AC08_F00031,legacy_adaptive_softmax,1,0.1915077,0.8084923,0.34558034,0.65441966,0.3084923,0.15441966,0.53844214,0.46155786,0.26262114,0.73737886,1
val,S41_AC08_F00061,legacy_adaptive_softmax,1,0.35789537,0.64210463,0.28538531,0.71461469,0.14210463,0.21461469,0.48188042,0.51811958,0.32032649,0.67967351,1
val,S41_AC08_F00091,legacy_adaptive_softmax,1,0.341223,0.658777,0.19592422,0.80407578,0.158777,0.30407578,0.46373908,0.53626092,0.26330494,0.73669506,1
val,S41_AC08_F00121,legacy_adaptive_softmax,1,0.30209273,0.69790727,0.21481109,0.78518891,0.19790727,0.28518891,0.47819343,0.52180657,0.2565486,0.7434514,1
val,S41_AC09_F00001,legacy_adaptive_softmax,1,0.34434074,0.65565926,0.4356032,0.5643968,0.15565926,0.0643968,0.52279979,0.47720021,0.38789121,0.61210879,1
val,S41_AC09_F00031,legacy_adaptive_softmax,1,0.51120335,0.48879665,0.20874834,0.79125166,0.01120335,0.29125166,0.43044193,0.56955807,0.33893766,0.66106234,1
val,S41_AC09_F00061,legacy_adaptive_softmax,1,0.29898942,0.70101058,0.23226422,0.76773578,0.20101058,0.26773578,0.48332489,0.51667511,0.26451417,0.73548583,1
val,S41_AC09_F00091,legacy_adaptive_softmax,1,0.50443357,0.49556643,0.27280849,0.72719151,0.00443357,0.22719151,0.44453966,0.55546034,0.37577503,0.62422497,1
val,S41_AC09_F00121,legacy_adaptive_softmax,1,0.14518434,0.85481566,0.23151654,0.76848346,0.35481566,0.26848346,0.52156966,0.47843034,0.18648828,0.81351172,1
val,S41_AC09_F00151,legacy_adaptive_softmax,1,0.43924999,0.56075001,0.26867771,0.73132229,0.06075001,0.23132229,0.45746002,0.54253998,0.34670771,0.65329229,1
val,S41_AC09_F00181,legacy_adaptive_softmax,1,0.0672695,0.9327305,0.32118481,0.67881519,0.4327305,0.17881519,0.56313996,0.43686004,0.17819496,0.82180504,1
val,S41_AC09_F00211,legacy_adaptive_softmax,1,0.32326186,0.67673814,0.23652625,0.76347375,0.17673814,0.26347375,0.47832968,0.52167032,0.27801447,0.72198553,1
val,S01_AC01_F00001,legacy_adaptive_ratio,0,0.67851746,0.32148254,0.54759353,0.45240647,0.17851746,0.04759353,0.78951252,0.21048748,0.65095961,0.34904039,0
val,S01_AC01_F00031,legacy_adaptive_ratio,0,0.64711916,0.35288084,0.54346159,0.45653841,0.14711916,0.04346159,0.77195184,0.22804816,0.62348025,0.37651975,0
val,S01_AC01_F00061,legacy_adaptive_ratio,0,0.59691387,0.40308613,0.57989475,0.42010525,0.09691387,0.07989475,0.54812866,0.45187134,0.58922342,0.41077658,0
val,S01_AC01_F00091,legacy_adaptive_ratio,0,0.69248837,0.30751163,0.58147436,0.41852564,0.19248837,0.08147436,0.70260786,0.29739214,0.65947368,0.34052632,0
val,S01_AC05_F00001,legacy_adaptive_ratio,1,0.17066455,0.82933545,0.4904235,0.5095765,0.32933545,0.0095765,0.9717434,0.0282566,0.17969985,0.82030015,1
val,S01_AC05_F00031,legacy_adaptive_ratio,1,0.26763594,0.73236406,0.48675776,0.51324224,0.23236406,0.01324224,0.94608345,0.05391655,0.27945023,0.72054977,1
val,S01_AC05_F00061,legacy_adaptive_ratio,1,0.1711399,0.8288601,0.39579391,0.60420609,0.3288601,0.10420609,0.75937608,0.24062392,0.22519703,0.77480297,1
val,S01_AC06_F00001,legacy_adaptive_ratio,1,0.048554,0.951446,0.29191679,0.70808321,0.451446,0.20808321,0.68449735,0.31550265,0.12533561,0.87466439,1
val,S01_AC06_F00031,legacy_adaptive_ratio,1,0.29440004,0.70559996,0.30750668,0.69249332,0.20559996,0.19249332,0.51646178,0.48353822,0.3007376,0.6992624,1
val,S01_AC06_F00061,legacy_adaptive_ratio,1,0.35658914,0.64341086,0.41916943,0.58083057,0.14341086,0.08083057,0.63953774,0.36046226,0.37914697,0.62085303,1
val,S01_AC06_F00091,legacy_adaptive_ratio,1,0.35133362,0.64866638,0.48369378,0.51630622,0.14866638,0.01630622,0.901158,0.098842,0.36441636,0.63558364,1
val,S01_AC07_F00001,legacy_adaptive_ratio,1,0.33459806,0.66540194,0.29282415,0.70717585,0.16540194,0.20717585,0.44393934,0.55606066,0.31136923,0.68863077,1
val,S01_AC07_F00031,legacy_adaptive_ratio,1,0.18035942,0.81964058,0.28041667,0.71958333,0.31964058,0.21958333,0.59277894,0.40722106,0.22110484,0.77889516,1
val,S01_AC07_F00061,legacy_adaptive_ratio,1,0.1419605,0.8580395,0.17343062,0.82656938,0.3580395,0.32656938,0.52298401,0.47701599,0.15697225,0.84302775,1
val,S01_AC07_F00091,legacy_adaptive_ratio,1,0.24318343,0.75681657,0.32533288,0.67466712,0.25681657,0.17466712,0.59519415,0.40480585,0.27643801,0.72356199,1
val,S01_AC08_F00001,legacy_adaptive_ratio,1,0.2022413,0.7977587,0.49428904,0.50571096,0.2977587,0.00571096,0.98118112,0.01881888,0.20773731,0.79226269,1
val,S01_AC08_F00031,legacy_adaptive_ratio,1,0.18095696,0.81904304,0.37091947,0.62908053,0.31904304,0.12908053,0.71195326,0.28804674,0.23567504,0.76432496,1
val,S01_AC08_F00061,legacy_adaptive_ratio,1,0.24371243,0.75628757,0.4834218,0.5165782,0.25628757,0.0165782,0.93924413,0.06075587,0.25827618,0.74172382,1
val,S01_AC08_F00091,legacy_adaptive_ratio,1,0.11862838,0.88137162,0.54537871,0.45462129,0.38137162,0.04537871,0.89366449,0.10633551,0.1640071,0.8359929,1
val,S01_AC09_F00001,legacy_adaptive_ratio,1,0.28115386,0.71884614,0.4552753,0.5447247,0.21884614,0.0447247,0.8303124,0.1696876,0.31070011,0.68929989,1
val,S01_AC09_F00031,legacy_adaptive_ratio,1,0.15888745,0.84111255,0.37530893,0.62469107,0.34111255,0.12469107,0.73230979,0.26769021,0.21682136,0.78317864,1
val,S01_AC09_F00061,legacy_adaptive_ratio,1,0.18695241,0.81304759,0.42480898,0.57519102,0.31304759,0.07519102,0.80632781,0.19367219,0.23301861,0.76698139,1
val,S02_AC01_F00001,legacy_adaptive_ratio,0,0.14110088,0.85889912,0.43799675,0.56200325,0.35889912,0.06200325,0.8526897,0.1473103,0.1848367,0.8151633,1
val,S02_AC01_F00031,legacy_adaptive_ratio,0,0.54876789,0.45123211,0.39342874,0.60657126,0.04876789,0.10657126,0.31394464,0.68605536,0.44219664,0.55780336,1
val,S02_AC01_F00061,legacy_adaptive_ratio,0,0.5368236,0.4631764,0.50433934,0.49566066,0.0368236,0.00433934,0.89458145,0.10541855,0.53339916,0.46660084,0
val,S02_AC01_F00091,legacy_adaptive_ratio,0,0.56200248,0.43799752,0.42692453,0.57307547,0.06200248,0.07307547,0.45901258,0.54098742,0.48892701,0.51107299,1
val,S02_AC01_F00121,legacy_adaptive_ratio,0,0.53464293,0.46535707,0.53413516,0.46586484,0.03464293,0.03413516,0.50369138,0.49630862,0.53439092,0.46560908,0
val,S02_AC05_F00001,legacy_adaptive_ratio,1,0.77406563,0.22593437,0.47624755,0.52375245,0.27406563,0.02375245,0.9202451,0.0797549,0.75031318,0.24968682,0
val,S02_AC05_F00031,legacy_adaptive_ratio,1,0.51017526,0.48982474,0.46392202,0.53607798,0.01017526,0.03607798,0.21999019,0.78000981,0.47409728,0.52590272,1
val,S02_AC05_F00061,legacy_adaptive_ratio,1,0.45391482,0.54608518,0.4554261,0.5445739,0.04608518,0.0445739,0.50833494,0.49166506,0.45465786,0.54534214,1
val,S02_AC05_F00091,legacy_adaptive_ratio,1,0.45269608,0.54730392,0.41484332,0.58515668,0.04730392,0.08515668,0.35711689,0.64288311,0.42836118,0.57163882,1
val,S02_AC05_F00121,legacy_adaptive_ratio,1,0.4708029,0.5291971,0.3518669,0.6481331,0.0291971,0.1481331,0.1646482,0.8353518,0.3714495,0.6285505,1
val,S02_AC05_F00151,legacy_adaptive_ratio,1,0.42045677,0.57954323,0.44043976,0.55956024,0.07954323,0.05956024,0.5718278,0.4281722,0.42901293,0.57098707,1
val,S02_AC05_F00181,legacy_adaptive_ratio,1,0.47235471,0.52764529,0.34358537,0.65641463,0.02764529,0.15641463,0.15019723,0.84980277,0.36292617,0.63707383,1
val,S02_AC06_F00001,legacy_adaptive_ratio,1,0.64565456,0.35434544,0.56597331,0.43402669,0.14565456,0.06597331,0.68825792,0.31174208,0.62081456,0.37918544,0
val,S02_AC06_F00031,legacy_adaptive_ratio,1,0.51187447,0.48812553,0.47003549,0.52996451,0.01187447,0.02996451,0.28381354,0.71618646,0.48190996,0.51809004,1
val,S02_AC06_F00061,legacy_adaptive_ratio,1,0.63964009,0.36035991,0.53746879,0.46253121,0.13964009,0.03746879,0.78844206,0.21155794,0.61802494,0.38197506,0
val,S02_AC06_F00091,legacy_adaptive_ratio,1,0.66202664,0.33797336,0.48044246,0.51955754,0.16202664,0.01955754,0.89229494,0.10770506,0.64246911,0.35753089,0
val,S02_AC06_F00121,legacy_adaptive_ratio,1,0.38545197,0.61454803,0.3380087,0.6619913,0.11454803,0.1619913,0.41421967,0.58578033,0.35766064,0.64233936,1
val,S02_AC07_F00001,legacy_adaptive_ratio,1,0.59499854,0.40500146,0.47475088,0.52524912,0.09499854,0.02524912,0.790024,0.209976,0.56974941,0.43025059,0
val,S02_AC07_F00031,legacy_adaptive_ratio,1,0.24741679,0.75258321,0.39304739,0.60695261,0.25258321,0.10695261,0.70252586,0.29747414,0.29073813,0.70926187,1
val,S02_AC07_F00061,legacy_adaptive_ratio,1,0.08803958,0.91196042,0.34168786,0.65831214,0.41196042,0.15831214,0.72239215,0.27760785,0.15845433,0.84154567,1
val,S02_AC07_F00091,legacy_adaptive_ratio,1,0.09243256,0.90756744,0.37371629,0.62628371,0.40756744,0.12628371,0.76344772,0.23655228,0.15897087,0.84102913,1
val,S02_AC07_F00121,legacy_adaptive_ratio,1,0.1159901,0.8840099,0.27464968,0.72535032,0.3840099,0.22535032,0.63018538,0.36981462,0.17466473,0.82533527,1
val,S02_AC08_F00001,legacy_adaptive_ratio,1,0.26639348,0.73360652,0.59259871,0.40740129,0.23360652,0.09259871,0.71613359,0.28386641,0.35899219,0.64100781,1
val,S02_AC08_F00031,legacy_adaptive_ratio,1,0.590462,0.409538,0.34066111,0.65933889,0.090462,0.15933889,0.36213642,0.63786358,0.43112311,0.56887689,1
val,S02_AC08_F00061,legacy_adaptive_ratio,1,0.48423415,0.51576585,0.36292183,0.63707817,0.01576585,0.13707817,0.10314991,0.89685009,0.37543519,0.62456481,1
val,S02_AC08_F00091,legacy_adaptive_ratio,1,0.66571409,0.33428591,0.34162843,0.65837157,0.16571409,0.15837157,0.51132805,0.48867195,0.50734252,0.49265748,0
val,S02_AC08_F00121,legacy_adaptive_ratio,1,0.81380469,0.18619531,0.36566907,0.63433093,0.31380469,0.13433093,0.70024492,0.29975508,0.67947376,0.32052624,0
val,S02_AC09_F00001,legacy_adaptive_ratio,1,0.66266918,0.33733082,0.3056798,0.6943202,0.16266918,0.1943202,0.45566952,0.54433048,0.46834898,0.53165102,1
val,S02_AC09_F00031,legacy_adaptive_ratio,1,0.29563898,0.70436102,0.38682956,0.61317044,0.20436102,0.11317044,0.64359298,0.35640702,0.32813994,0.67186006,1
val,S02_AC09_F00061,legacy_adaptive_ratio,1,0.34847319,0.65152681,0.35655636,0.64344364,0.15152681,0.14344364,0.51370165,0.48629835,0.35240402,0.64759598,1
val,S02_AC09_F00091,legacy_adaptive_ratio,1,0.09134227,0.90865773,0.42245579,0.57754421,0.40865773,0.07754421,0.84051028,0.15948972,0.14415147,0.85584853,1
val,S03_AC01_F00001,legacy_adaptive_ratio,0,0.57804191,0.42195809,0.51757336,0.48242664,0.07804191,0.01757336,0.81620763,0.18379237,0.56692825,0.43307175,0
val,S03_AC01_F00031,legacy_adaptive_ratio,0,0.62459415,0.37540585,0.53705904,0.46294096,0.12459415,0.03705904,0.77074972,0.22925028,0.6045267,0.3954733,0
val,S03_AC01_F00061,legacy_adaptive_ratio,0,0.5999566,0.4000434,0.57154262,0.42845738,0.0999566,0.07154262,0.58283997,0.41716003,0.58810342,0.41189658,0
val,S03_AC01_F00091,legacy_adaptive_ratio,0,0.70857638,0.29142362,0.58021826,0.41978174,0.20857638,0.08021826,0.7222308,0.2777692,0.67292245,0.32707755,0
val,S03_AC01_F00121,legacy_adaptive_ratio,0,0.06131673,0.93868327,0.48568904,0.51431096,0.43868327,0.01431096,0.96840808,0.03159192,0.07472346,0.92527654,1
val,S03_AC05_F00001,legacy_adaptive_ratio,1,0.20485234,0.79514766,0.18584496,0.81415504,0.29514766,0.31415504,0.48440235,0.51559765,0.19505218,0.80494782,1
val,S03_AC05_F00031,legacy_adaptive_ratio,1,0.17705494,0.82294506,0.23981512,0.76018488,0.32294506,0.26018488,0.5538132,0.4461868,0.2050577,0.7949423,1
val,S03_AC05_F00061,legacy_adaptive_ratio,1,0.24632293,0.75367707,0.33953947,0.66046053,0.25367707,0.16046053,0.61254295,0.38745705,0.28244033,0.71755967,1
val,S03_AC05_F00091,legacy_adaptive_ratio,1,0.2646656,0.7353344,0.19098443,0.80901557,0.2353344,0.30901557,0.43232187,0.56767813,0.22283841,0.77716159,1
val,S03_AC05_F00121,legacy_adaptive_ratio,1,0.27407235,0.72592765,0.48472756,0.51527244,0.22592765,0.01527244,0.93668146,0.06331854,0.28741073,0.71258927,1
val,S03_AC06_F00001,legacy_adaptive_ratio,1,0.26647884,0.73352116,0.25156599,0.74843401,0.23352116,0.24843401,0.48452881,0.51547119,0.2587917,0.7412083,1
val,S03_AC06_F00031,legacy_adaptive_ratio,1,0.51627225,0.48372775,0.32692355,0.67307645,0.01627225,0.17307645,0.08593799,0.91406201,0.3431958,0.6568042,1
val,S03_AC06_F00061,legacy_adaptive_ratio,1,0.2428205,0.7571795,0.36088395,0.63911605,0.2571795,0.13911605,0.64895884,0.35104116,0.28426563,0.71573437,1
val,S03_AC06_F00091,legacy_adaptive_ratio,1,0.15341079,0.84658921,0.30009067,0.69990933,0.34658921,0.19990933,0.6341997,0.3658003,0.20706634,0.79293366,1
val,S03_AC06_F00121,legacy_adaptive_ratio,1,0.26883692,0.73116308,0.1858356,0.8141644,0.23116308,0.3141644,0.42389773,0.57610227,0.22101967,0.77898033,1
val,S03_AC07_F00001,legacy_adaptive_ratio,1,0.10434383,0.89565617,0.38451684,0.61548316,0.39565617,0.11548316,0.77406715,0.22593285,0.16764412,0.83235588,1
val,S03_AC07_F00031,legacy_adaptive_ratio,1,0.2609635,0.7390365,0.28589201,0.71410799,0.2390365,0.21410799,0.52750614,0.47249386,0.27274207,0.72725793,1
val,S03_AC07_F00061,legacy_adaptive_ratio,1,0.13651806,0.86348194,0.32054144,0.67945856,0.36348194,0.17945856,0.6694692,0.3305308,0.19734346,0.80265654,1
val,S03_AC07_F00091,legacy_adaptive_ratio,1,0.15055096,0.84944904,0.19159508,0.80840492,0.34944904,0.30840492,0.53119546,0.46880454,0.16979263,0.83020737,1
val,S03_AC07_F00121,legacy_adaptive_ratio,1,0.22086823,0.77913177,0.26712048,0.73287952,0.27913177,0.23287952,0.54516722,0.45483278,0.24190527,0.75809473,1
val,S03_AC07_F00151,legacy_adaptive_ratio,1,0.21324569,0.78675431,0.23004937,0.76995063,0.28675431,0.26995063,0.51509209,0.48490791,0.22139393,0.77860607,1
val,S03_AC07_F00181,legacy_adaptive_ratio,1,0.10639668,0.89360332,0.08916879,0.91083121,0.39360332,0.41083121,0.48929193,0.51070807,0.09759825,0.90240175,1
val,S03_AC08_F00001,legacy_adaptive_ratio,1,0.43296927,0.56703073,0.49675137,0.50324863,0.06703073,0.00324863,0.95377545,0.04622455,0.43591757,0.56408243,1
val,S03_AC08_F00031,legacy_adaptive_ratio,1,0.20399803,0.79600197,0.44658834,0.55341166,0.29600197,0.05341166,0.84713916,0.15286084,0.24108059,0.75891941,1
val,S03_AC08_F00061,legacy_adaptive_ratio,1,0.1857118,0.8142882,0.46052361,0.53947639,0.3142882,0.03947639,0.88841056,0.11158944,0.2163779,0.7836221,1
val,S03_AC08_F00091,legacy_adaptive_ratio,1,0.1108259,0.8891741,0.44584656,0.55415344,0.3891741,0.05415344,0.87784778,0.12215222,0.15174941,0.84825059,1
val,S03_AC08_F00121,legacy_adaptive_ratio,1,0.68741521,0.31258479,0.42055225,0.57944775,0.18741521,0.07944775,0.70229009,0.29770991,0.60796747,0.39203253,0
val,S03_AC08_F00151,legacy_adaptive_ratio,1,0.54552978,0.45447022,0.43064672,0.56935328,0.04552978,0.06935328,0.39631414,0.60368586,0.4761765,0.5238235,1
val,S03_AC09_F00001,legacy_adaptive_ratio,1,0.17805916,0.82194084,0.50653389,0.49346611,0.32194084,0.00653389,0.98010839,0.01989161,0.18459305,0.81540695,1
val,S03_AC09_F00031,legacy_adaptive_ratio,1,0.45133567,0.54866433,0.4240821,0.5759179,0.04866433,0.0759179,0.39062016,0.60937984,0.43472789,0.56527211,1
val,S03_AC09_F00061,legacy_adaptive_ratio,1,0.20599931,0.79400069,0.51595357,0.48404643,0.29400069,0.01595357,0.94852927,0.05147073,0.22195289,0.77804711,1
val,S03_AC09_F00091,legacy_adaptive_ratio,1,0.05780309,0.94219691,0.48254299,0.51745701,0.44219691,0.01745701,0.96202141,0.03797859,0.07393412,0.92606588,1
val,S03_AC09_F00121,legacy_adaptive_ratio,1,0.19103873,0.80896127,0.45034367,0.54965633,0.30896127,0.04965633,0.86153404,0.13846596,0.22694364,0.77305636,1
val,S15_AC01_F00001,legacy_adaptive_ratio,0,0.42769206,0.57230794,0.523581,0.476419,0.07230794,0.023581,0.75408011,0.24591989,0.45127305,0.54872695,1
val,S15_AC01_F00031,legacy_adaptive_ratio,0,0.76561508,0.23438492,0.54473501,0.45526499,0.26561508,0.04473501,0.85585629,0.14414371,0.7337766,0.2662234,0
val,S15_AC01_F00061,legacy_adaptive_ratio,0,0.84882228,0.15117772,0.52642068,0.47357932,0.34882228,0.02642068,0.92959046,0.07040954,0.82612213,0.17387787,0
val,S15_AC01_F00091,legacy_adaptive_ratio,0,0.74394268,0.25605732,0.54377744,0.45622256,0.24394268,0.04377744,0.84784715,0.15215285,0.71348697,0.28651303,0
val,S15_AC05_F00001,legacy_adaptive_ratio,1,0.47287297,0.52712703,0.3173849,0.6826151,0.02712703,0.1826151,0.12933514,0.87066486,0.33749497,0.66250503,1
val,S15_AC05_F00031,legacy_adaptive_ratio,1,0.50201303,0.49798697,0.29839402,0.70160598,0.00201303,0.20160598,0.00988625,0.99011375,0.30040705,0.69959295,1
val,S15_AC05_F00061,legacy_adaptive_ratio,1,0.31347775,0.68652225,0.38100529,0.61899471,0.18652225,0.11899471,0.61051356,0.38948644,0.33977881,0.66022119,1
val,S15_AC06_F00001,legacy_adaptive_ratio,1,0.06831783,0.93168217,0.38254297,0.61745703,0.43168217,0.11745703,0.786107,0.213893,0.13552839,0.86447161,1
val,S15_AC06_F00031,legacy_adaptive_ratio,1,0.21439666,0.78560334,0.52927709,0.47072291,0.28560334,0.02927709,0.90702158,0.09297842,0.24367374,0.75632626,1
val,S15_AC06_F00061,legacy_adaptive_ratio,1,0.31117791,0.68882209,0.42039716,0.57960284,0.18882209,0.07960284,0.70344469,0.29655531,0.34356746,0.65643254,1
val,S15_AC06_F00091,legacy_adaptive_ratio,1,0.29592365,0.70407635,0.48795921,0.51204079,0.20407635,0.01204079,0.9442858,0.0557142,0.30662276,0.69337724,1
val,S15_AC07_F00001,legacy_adaptive_ratio,1,0.04968977,0.95031023,0.15847164,0.84152836,0.45031023,0.34152836,0.56868942,0.43131058,0.09660854,0.90339146,1
val,S15_AC07_F00031,legacy_adaptive_ratio,1,0.14708722,0.85291278,0.30258709,0.69741291,0.35291278,0.19741291,0.64127986,0.35872014,0.20286815,0.79713185,1
val,S15_AC07_F00061,legacy_adaptive_ratio,1,0.2935403,0.7064597,0.2827943,0.7172057,0.2064597,0.2172057,0.48731782,0.51268218,0.28803102,0.71196898,1
val,S15_AC08_F00001,legacy_adaptive_ratio,1,0.13609153,0.86390847,0.38194585,0.61805415,0.36390847,0.11805415,0.75505538,0.24494462,0.19631222,0.80368778,1
val,S15_AC08_F00031,legacy_adaptive_ratio,1,0.14326435,0.85673565,0.52982584,0.47017416,0.35673565,0.02982584,0.92284323,0.07715677,0.17309019,0.82690981,1
val,S15_AC08_F00061,legacy_adaptive_ratio,1,0.14593053,0.85406947,0.48134959,0.51865041,0.35406947,0.01865041,0.94996132,0.05003868,0.16271446,0.83728554,1
val,S15_AC08_F00091,legacy_adaptive_ratio,1,0.1046809,0.8953191,0.46886653,0.53113347,0.3953191,0.03113347,0.92699429,0.07300571,0.13126853,0.86873147,1
val,S15_AC08_F00121,legacy_adaptive_ratio,1,0.22036183,0.77963817,0.39285439,0.60714561,0.27963817,0.10714561,0.72298319,0.27701681,0.26814517,0.73185483,1
val,S15_AC09_F00001,legacy_adaptive_ratio,1,0.34426057,0.65573943,0.46467966,0.53532034,0.15573943,0.03532034,0.81513459,0.18486541,0.3665219,0.6334781,1
val,S15_AC09_F00031,legacy_adaptive_ratio,1,0.08884579,0.91115421,0.29297036,0.70702964,0.41115421,0.20702964,0.66510021,0.33489979,0.15720706,0.84279294,1
val,S15_AC09_F00061,legacy_adaptive_ratio,1,0.1583432,0.8416568,0.1314671,0.8685329,0.3416568,0.3685329,0.48107823,0.51892177,0.14439661,0.85560339,1
val,S15_AC09_F00091,legacy_adaptive_ratio,1,0.21455586,0.78544414,0.33773071,0.66226929,0.28544414,0.16226929,0.63755992,0.36244008,0.25919936,0.74080064,1
val,S15_AC09_F00121,legacy_adaptive_ratio,1,0.16415942,0.83584058,0.33380049,0.66619951,0.33584058,0.16619951,0.66895172,0.33104828,0.2203188,0.7796812,1
val,S20_AC01_F00001,legacy_adaptive_ratio,0,0.43050981,0.56949019,0.23013008,0.76986992,0.06949019,0.26986992,0.2047683,0.7952317,0.27116149,0.72883851,1
val,S20_AC01_F00031,legacy_adaptive_ratio,0,0.43107224,0.56892776,0.28488731,0.71511269,0.06892776,0.21511269,0.24266883,0.75733117,0.32036184,0.67963816,1
val,S20_AC01_F00061,legacy_adaptive_ratio,0,0.32538718,0.67461282,0.32195646,0.67804354,0.17461282,0.17804354,0.49513588,0.50486412,0.32365513,0.67634487,1
val,S20_AC01_F00091,legacy_adaptive_ratio,0,0.37847173,0.62152827,0.29492539,0.70507461,0.12152827,0.20507461,0.37209797,0.62790203,0.32601282,0.67398718,1
val,S20_AC05_F00001,legacy_adaptive_ratio,1,0.22581059,0.77418941,0.2405175,0.7594825,0.27418941,0.2594825,0.51377898,0.48622102,0.2329614,0.7670386,1
val,S20_AC05_F00031,legacy_adaptive_ratio,1,0.32379484,0.67620516,0.3688584,0.6311416,0.17620516,0.1311416,0.57331061,0.42668939,0.34302298,0.65697702,1
val,S20_AC05_F00061,legacy_adaptive_ratio,1,0.31867814,0.68132186,0.35586733,0.64413267,0.18132186,0.14413267,0.55713423,0.44286577,0.33514796,0.66485204,1
val,S20_AC05_F00091,legacy_adaptive_ratio,1,0.30500144,0.69499856,0.49969685,0.50030315,0.19499856,0.00030315,0.99844779,0.00155221,0.30530365,0.69469635,1
val,S20_AC05_F00121,legacy_adaptive_ratio,1,0.2617709,0.7382291,0.36342424,0.63657576,0.2382291,0.13657576,0.63560835,0.36439165,0.29881253,0.70118747,1
val,S20_AC06_F00001,legacy_adaptive_ratio,1,0.30847323,0.69152677,0.22768617,0.77231383,0.19152677,0.27231383,0.41291506,0.58708494,0.26104436,0.73895564,1
val,S20_AC06_F00031,legacy_adaptive_ratio,1,0.26219398,0.73780602,0.24015528,0.75984472,0.23780602,0.25984472,0.47785726,0.52214274,0.25068663,0.74931337,1
val,S20_AC06_F00061,legacy_adaptive_ratio,1,0.1662547,0.8337453,0.26657331,0.73342669,0.3337453,0.23342669,0.58843756,0.41156244,0.20754207,0.79245793,1
val,S20_AC06_F00091,legacy_adaptive_ratio,1,0.20768803,0.79231197,0.23490411,0.76509589,0.29231197,0.26509589,0.52441307,0.47558693,0.22063164,0.77936836,1
val,S20_AC06_F00121,legacy_adaptive_ratio,1,0.11614162,0.88385838,0.30649698,0.69350302,0.38385838,0.19350302,0.6648494,0.3351506,0.17993933,0.82006067,1
val,S20_AC07_F00001,legacy_adaptive_ratio,1,0.25442511,0.74557489,0.25530541,0.74469459,0.24557489,0.24469459,0.50089777,0.49910223,0.25486447,0.74513553,1
val,S20_AC07_F00031,legacy_adaptive_ratio,1,0.33113569,0.66886431,0.26367885,0.73632115,0.16886431,0.23632115,0.41675807,0.58324193,0.29179203,0.70820797,1
val,S20_AC07_F00061,legacy_adaptive_ratio,1,0.22992194,0.77007806,0.2099309,0.7900691,0.27007806,0.2900691,0.48215555,0.51784445,0.21956969,0.78043031,1
val,S20_AC07_F00091,legacy_adaptive_ratio,1,0.14408177,0.85591823,0.19948578,0.80051422,0.35591823,0.30051422,0.54220084,0.45779916,0.16944568,0.83055432,1
val,S20_AC07_F00121,legacy_adaptive_ratio,1,0.2282961,0.7717039,0.24473375,0.75526625,0.2717039,0.25526625,0.51559638,0.48440362,0.23625856,0.76374144,1
val,S20_AC07_F00151,legacy_adaptive_ratio,1,0.2489484,0.7510516,0.27087629,0.72912371,0.2510516,0.22912371,0.52283322,0.47716678,0.25941166,0.74058834,1
val,S20_AC08_F00001,legacy_adaptive_ratio,1,0.25671667,0.74328333,0.23470861,0.76529139,0.24328333,0.26529139,0.478363,0.521637,0.24523645,0.75476355,1
val,S20_AC08_F00031,legacy_adaptive_ratio,1,0.20687205,0.79312795,0.30443943,0.69556057,0.29312795,0.19556057,0.59982573,0.40017427,0.245916,0.754084,1
val,S20_AC08_F00061,legacy_adaptive_ratio,1,0.26748323,0.73251677,0.22548085,0.77451915,0.23251677,0.27451915,0.45858047,0.54141953,0.24474233,0.75525767,1
val,S20_AC08_F00091,legacy_adaptive_ratio,1,0.16126621,0.83873379,0.29858923,0.70141077,0.33873379,0.20141077,0.62711692,0.37288308,0.21247164,0.78752836,1
val,S20_AC08_F00121,legacy_adaptive_ratio,1,0.28449136,0.71550864,0.34853488,0.65146512,0.21550864,0.15146512,0.58725899,0.41274101,0.31092475,0.68907525,1
val,S20_AC08_F00151,legacy_adaptive_ratio,1,0.41171789,0.58828211,0.24209392,0.75790608,0.08828211,0.25790608,0.2550119,0.7449881,0.28535005,0.71464995,1
val,S20_AC09_F00001,legacy_adaptive_ratio,1,0.03208786,0.96791214,0.29669386,0.70330614,0.46791214,0.20330614,0.69710876,0.30289124,0.1122347,0.8877653,1
val,S20_AC09_F00031,legacy_adaptive_ratio,1,0.11337268,0.88662732,0.25527853,0.74472147,0.38662732,0.24472147,0.61238308,0.38761692,0.16837779,0.83162221,1
val,S20_AC09_F00061,legacy_adaptive_ratio,1,0.07706815,0.92293185,0.27644807,0.72355193,0.42293185,0.22355193,0.65420334,0.34579666,0.14601306,0.85398694,1
val,S20_AC09_F00091,legacy_adaptive_ratio,1,0.09335369,0.90664631,0.32923126,0.67076874,0.40664631,0.17076874,0.70425305,0.29574695,0.16311376,0.83688624,1
val,S20_AC09_F00121,legacy_adaptive_ratio,1,0.06422561,0.93577439,0.37976533,0.62023467,0.43577439,0.12023467,0.78375412,0.21624588,0.13245978,0.86754022,1
val,S22_AC01_F00001,legacy_adaptive_ratio,0,0.17739642,0.82260358,0.29784167,0.70215833,0.32260358,0.20215833,0.61476181,0.38523819,0.22379653,0.77620347,1
val,S22_AC01_F00031,legacy_adaptive_ratio,0,0.21057469,0.78942531,0.53888834,0.46111166,0.28942531,0.03888834,0.88155127,0.11844873,0.24946302,0.75053698,1
val,S22_AC01_F00061,legacy_adaptive_ratio,0,0.59153557,0.40846443,0.44786912,0.55213088,0.09153557,0.05213088,0.6371395,0.3628605,0.53940469,0.46059531,0
val,S22_AC01_F00091,legacy_adaptive_ratio,0,0.09877402,0.90122598,0.51344144,0.48655856,0.40122598,0.01344144,0.967585,0.032415,0.11221546,0.88778454,1
val,S22_AC05_F00001,legacy_adaptive_ratio,1,0.29599261,0.70400739,0.38361657,0.61638343,0.20400739,0.11638343,0.63674542,0.36325458,0.32782242,0.67217758,1
val,S22_AC05_F00031,legacy_adaptive_ratio,1,0.25886011,0.74113989,0.41050565,0.58949435,0.24113989,0.08949435,0.72932522,0.27067478,0.29990673,0.70009327,1
val,S22_AC05_F00061,legacy_adaptive_ratio,1,0.19453841,0.80546159,0.39563626,0.60436374,0.30546159,0.10436374,0.7453458,0.2546542,0.24574883,0.75425117,1
val,S22_AC05_F00091,legacy_adaptive_ratio,1,0.35463279,0.64536721,0.34554076,0.65445924,0.14536721,0.15445924,0.48483784,0.51516216,0.34994892,0.65005108,1
val,S22_AC06_F00001,legacy_adaptive_ratio,1,0.61079261,0.38920739,0.46271348,0.53728652,0.11079261,0.03728652,0.74819868,0.25180132,0.57350609,0.42649391,0
val,S22_AC06_F00031,legacy_adaptive_ratio,1,0.66583097,0.33416903,0.28226084,0.71773916,0.16583097,0.21773916,0.43233546,0.56766454,0.4480918,0.5519082,1
val,S22_AC06_F00061,legacy_adaptive_ratio,1,0.44306719,0.55693281,0.33899939,0.66100061,0.05693281,0.16100061,0.26123946,0.73876054,0.36618601,0.63381399,1
val,S22_AC06_F00091,legacy_adaptive_ratio,1,0.45017993,0.54982007,0.4047026,0.5952974,0.04982007,0.0952974,0.34330855,0.65669145,0.42031536,0.57968464,1
val,S22_AC06_F00121,legacy_adaptive_ratio,1,0.41615212,0.58384788,0.37193149,0.62806851,0.08384788,0.12806851,0.39566492,0.60433508,0.38942804,0.61057196,1
val,S22_AC07_F00001,legacy_adaptive_ratio,1,0.25849527,0.74150473,0.19781274,0.80218726,0.24150473,0.30218726,0.44419401,0.55580599,0.22476755,0.77523245,1
val,S22_AC07_F00031,legacy_adaptive_ratio,1,0.290353,0.709647,0.13235605,0.86764395,0.209647,0.36764395,0.36315657,0.63684343,0.18973368,0.81026632,1
val,S22_AC07_F00061,legacy_adaptive_ratio,1,0.1784659,0.8215341,0.21690422,0.78309578,0.3215341,0.28309578,0.53178665,0.46821335,0.19646324,0.80353676,1
val,S22_AC07_F00091,legacy_adaptive_ratio,1,0.12922233,0.87077767,0.27669251,0.72330749,0.37077767,0.22330749,0.62411535,0.37588465,0.18465411,0.81534589,1
val,S22_AC07_F00121,legacy_adaptive_ratio,1,0.12713844,0.87286156,0.17324543,0.82675457,0.37286156,0.32675457,0.53295164,0.46704836,0.14867263,0.85132737,1
val,S22_AC08_F00001,legacy_adaptive_ratio,1,0.20390099,0.79609901,0.40074456,0.59925544,0.29609901,0.09925544,0.74894568,0.25105432,0.25331942,0.74668058,1
val,S22_AC08_F00031,legacy_adaptive_ratio,1,0.44227308,0.55772692,0.56936207,0.43063793,0.05772692,0.06936207,0.45422438,0.54577562,0.51163515,0.48836485,0
val,S22_AC08_F00061,legacy_adaptive_ratio,1,0.21483946,0.78516054,0.33562273,0.66437727,0.28516054,0.16437727,0.63434161,0.36565839,0.25900487,0.74099513,1
val,S22_AC08_F00091,legacy_adaptive_ratio,1,0.198524,0.801476,0.32607698,0.67392302,0.301476,0.17392302,0.63415361,0.36584639,0.2451888,0.7548112,1
val,S22_AC09_F00001,legacy_adaptive_ratio,1,0.50634426,0.49365574,0.45315826,0.54684174,0.00634426,0.04684174,0.11928438,0.88071562,0.45950252,0.54049748,1
val,S22_AC09_F00031,legacy_adaptive_ratio,1,0.18819612,0.81180388,0.47553962,0.52446038,0.31180388,0.02446038,0.92725847,0.07274153,0.20909793,0.79090207,1
val,S22_AC09_F00061,legacy_adaptive_ratio,1,0.33582383,0.66417617,0.36237806,0.63762194,0.16417617,0.13762194,0.54399336,0.45600664,0.34793274,0.65206726,1
val,S22_AC09_F00091,legacy_adaptive_ratio,1,0.13719541,0.86280459,0.41146952,0.58853048,0.36280459,0.08853048,0.80384755,0.19615245,0.19099495,0.80900505,1
val,S22_AC09_F00121,legacy_adaptive_ratio,1,0.25038248,0.74961752,0.34677327,0.65322673,0.24961752,0.15322673,0.61963778,0.38036222,0.2870459,0.7129541,1
val,S22_AC09_F00151,legacy_adaptive_ratio,1,0.18115914,0.81884086,0.32859468,0.67140532,0.31884086,0.17140532,0.65036889,0.34963111,0.23270719,0.76729281,1
val,S27_AC01_F00001,legacy_adaptive_ratio,0,0.58585119,0.41414881,0.47768545,0.52231455,0.08585119,0.02231455,0.79370041,0.20629959,0.56353664,0.43646336,0
val,S27_AC01_F00031,legacy_adaptive_ratio,0,0.59759665,0.40240335,0.53237405,0.46762595,0.09759665,0.03237405,0.75091267,0.24908733,0.58135052,0.41864948,0
val,S27_AC01_F00061,legacy_adaptive_ratio,0,0.04800183,0.95199817,0.18385166,0.81614834,0.45199817,0.31614834,0.58842703,0.41157297,0.10391394,0.89608606,1
val,S27_AC05_F00001,legacy_adaptive_ratio,1,0.17804211,0.82195789,0.36144984,0.63855016,0.32195789,0.13855016,0.69913628,0.30086372,0.23322284,0.76677716,1
val,S27_AC05_F00031,legacy_adaptive_ratio,1,0.16065407,0.83934593,0.34615612,0.65384388,0.33934593,0.15384388,0.68806355,0.31193645,0.21851892,0.78148108,1
val,S27_AC05_F00061,legacy_adaptive_ratio,1,0.28404492,0.71595508,0.36976117,0.63023883,0.21595508,0.13023883,0.62379803,0.37620197,0.31629154,0.68370846,1
val,S27_AC05_F00091,legacy_adaptive_ratio,1,0.17384034,0.82615966,0.35265511,0.64734489,0.32615966,0.14734489,0.68882054,0.31117946,0.22948383,0.77051617,1
val,S27_AC06_F00001,legacy_adaptive_ratio,1,0.06831819,0.93168181,0.35454226,0.64545774,0.43168181,0.14545774,0.74796781,0.25203219,0.14045587,0.85954413,1
val,S27_AC06_F00031,legacy_adaptive_ratio,1,0.1278674,0.8721326,0.32642496,0.67357504,0.3721326,0.17357504,0.68192668,0.31807332,0.19102326,0.80897674,1
val,S27_AC06_F00061,legacy_adaptive_ratio,1,0.12353772,0.87646228,0.23570836,0.76429164,0.37646228,0.26429164,0.5875302,0.4124698,0.16980472,0.83019528,1
val,S27_AC07_F00001,legacy_adaptive_ratio,1,0.38415474,0.61584526,0.40686643,0.59313357,0.11584526,0.09313357,0.5543397,0.4456603,0.39427644,0.60572356,1
val,S27_AC07_F00031,legacy_adaptive_ratio,1,0.09318501,0.90681499,0.32595021,0.67404979,0.40681499,0.17404979,0.70036091,0.29963909,0.16293056,0.83706944,1
val,S27_AC07_F00061,legacy_adaptive_ratio,1,0.11053371,0.88946629,0.27900958,0.72099042,0.38946629,0.22099042,0.63799166,0.36200834,0.17152338,0.82847662,1
val,S27_AC07_F00091,legacy_adaptive_ratio,1,0.20713693,0.79286307,0.31024462,0.68975538,0.29286307,0.18975538,0.60682112,0.39317888,0.2476767,0.7523233,1
val,S27_AC08_F00001,legacy_adaptive_ratio,1,0.27102357,0.72897643,0.24457246,0.75542754,0.22897643,0.25542754,0.47269726,0.52730274,0.25707583,0.74292417,1
val,S27_AC08_F00031,legacy_adaptive_ratio,1,0.16891831,0.83108169,0.39144325,0.60855675,0.33108169,0.10855675,0.75307721,0.24692279,0.22386479,0.77613521,1
val,S27_AC08_F00061,legacy_adaptive_ratio,1,0.13581318,0.86418682,0.43692207,0.56307793,0.36418682,0.06307793,0.85236805,0.14763195,0.18026647,0.81973353,1
val,S27_AC08_F00091,legacy_adaptive_ratio,1,0.18572116,0.81427884,0.27689487,0.72310513,0.31427884,0.22310513,0.58483106,0.41516894,0.22357365,0.77642635,1
val,S27_AC09_F00001,legacy_adaptive_ratio,1,0.17295003,0.82704997,0.15858501,0.84141499,0.32704997,0.34141499,0.48925522,0.51074478,0.16561317,0.83438683,1
val,S27_AC09_F00031,legacy_adaptive_ratio,1,0.07145995,0.92854005,0.23564607,0.76435393,0.42854005,0.26435393,0.61847853,0.38152147,0.13410048,0.86589952,1
val,S27_AC09_F00061,legacy_adaptive_ratio,1,0.19627929,0.80372071,0.25729233,0.74270767,0.30372071,0.24270767,0.55582895,0.44417105,0.22337951,0.77662049,1
val,S27_AC09_F00091,legacy_adaptive_ratio,1,0.11681533,0.88318467,0.38352901,0.61647099,0.38318467,0.11647099,0.76689748,0.23310252,0.17898696,0.82101304,1
val,S41_AC01_F00001,legacy_adaptive_ratio,0,0.31344563,0.68655437,0.27328908,0.72671092,0.18655437,0.22671092,0.45141554,0.54858446,0.29141637,0.70858363,1
val,S41_AC01_F00031,legacy_adaptive_ratio,0,0.4465943,0.5534057,0.27288538,0.72711462,0.0534057,0.22711462,0.19038087,0.80961913,0.30595624,0.69404376,1
val,S41_AC01_F00061,legacy_adaptive_ratio,0,0.75925405,0.24074595,0.39279604,0.60720396,0.25925405,0.10720396,0.70745909,0.29254091,0.65205009,0.34794991,0
val,S41_AC01_F00091,legacy_adaptive_ratio,0,0.53722554,0.46277446,0.20470935,0.79529065,0.03722554,0.29529065,0.11195107,0.88804893,0.2419349,0.7580651,1
val,S41_AC01_F00121,legacy_adaptive_ratio,0,0.51069281,0.48930719,0.24838281,0.75161719,0.01069281,0.25161719,0.040764,0.959236,0.25907561,0.74092439,1
val,S41_AC05_F00001,legacy_adaptive_ratio,1,0.54098952,0.45901048,0.2425108,0.7574892,0.04098952,0.2574892,0.13732811,0.86267189,0.28350031,0.71649969,1
val,S41_AC05_F00031,legacy_adaptive_ratio,1,0.4691956,0.5308044,0.21067935,0.78932065,0.0308044,0.28932065,0.09622614,0.90377386,0.23555537,0.76444463,1
val,S41_AC05_F00061,legacy_adaptive_ratio,1,0.10973316,0.89026684,0.26773542,0.73226458,0.39026684,0.23226458,0.62690304,0.37309696,0.16868333,0.83131667,1
val,S41_AC05_F00091,legacy_adaptive_ratio,1,0.17786139,0.82213861,0.13699162,0.86300838,0.32213861,0.36300838,0.47017445,0.52982555,0.15620754,0.84379246,1
val,S41_AC05_F00121,legacy_adaptive_ratio,1,0.11227864,0.88772136,0.16815144,0.83184856,0.38772136,0.33184856,0.53882374,0.46117626,0.13804585,0.86195415,1
val,S41_AC06_F00001,legacy_adaptive_ratio,1,0.5894331,0.4105669,0.17916501,0.82083499,0.0894331,0.32083499,0.21798698,0.78201302,0.26859811,0.73140189,1
val,S41_AC06_F00031,legacy_adaptive_ratio,1,0.24542898,0.75457102,0.3066752,0.6933248,0.25457102,0.1933248,0.56837105,0.43162895,0.27186462,0.72813538,1
val,S41_AC06_F00061,legacy_adaptive_ratio,1,0.29268748,0.70731252,0.23642135,0.76357865,0.20731252,0.26357865,0.4402557,0.5597443,0.26119283,0.73880717,1
val,S41_AC06_F00091,legacy_adaptive_ratio,1,0.24267626,0.75732374,0.2141673,0.7858327,0.25732374,0.2858327,0.47375622,0.52624378,0.22767359,0.77232641,1
val,S41_AC06_F00121,legacy_adaptive_ratio,1,0.10929829,0.89070171,0.18227559,0.81772441,0.39070171,0.31772441,0.55150664,0.44849336,0.14202812,0.85797188,1
val,S41_AC06_F00151,legacy_adaptive_ratio,1,0.46552151,0.53447849,0.26625609,0.73374391,0.03447849,0.23374391,0.1285444,0.8714556,0.29187055,0.70812945,1
val,S41_AC07_F00001,legacy_adaptive_ratio,1,0.20674682,0.79325318,0.31003666,0.68996334,0.29325318,0.18996334,0.60687739,0.39312261,0.24735239,0.75264761,1
val,S41_AC07_F00031,legacy_adaptive_ratio,1,0.24315721,0.75684279,0.16120899,0.83879101,0.25684279,0.33879101,0.43120923,0.56879077,0.19654582,0.80345418,1
val,S41_AC07_F00061,legacy_adaptive_ratio,1,0.18747747,0.81252253,0.14733642,0.85266358,0.31252253,0.35266358,0.46982721,0.53017279,0.16619578,0.83380422,1
val,S41_AC07_F00091,legacy_adaptive_ratio,1,0.35790139,0.64209861,0.0982281,0.9017719,0.14209861,0.4017719,0.26127286,0.73872714,0.16607368,0.83392632,1
val,S41_AC07_F00121,legacy_adaptive_ratio,1,0.17441976,0.82558024,0.13706911,0.86293089,0.32558024,0.36293089,0.47287578,0.52712422,0.15473133,0.84526867,1
val,S41_AC08_F00001,legacy_adaptive_ratio,1,0.48291123,0.51708877,0.28176045,0.71823955,0.01708877,0.21823955,0.07261672,0.92738328,0.29636736,0.70363264,1
val,S41_AC08_F00031,legacy_adaptive_ratio,1,0.1915077,0.8084923,0.34558034,0.65441966,0.3084923,0.15441966,0.66641679,0.33358321,0.24290374,0.75709626,1
val,S41_AC08_F00061,legacy_adaptive_ratio,1,0.35789537,0.64210463,0.28538531,0.71461469,0.14210463,0.21461469,0.39836538,0.60163462,0.31427081,0.68572919,1
val,S41_AC08_F00091,legacy_adaptive_ratio,1,0.341223,0.658777,0.19592422,0.80407578,0.158777,0.30407578,0.34303996,0.65696004,0.24576751,0.75423249,1
val,S41_AC08_F00121,legacy_adaptive_ratio,1,0.30209273,0.69790727,0.21481109,0.78518891,0.19790727,0.28518891,0.40966432,0.59033568,0.25056726,0.74943274,1
val,S41_AC09_F00001,legacy_adaptive_ratio,1,0.34434074,0.65565926,0.4356032,0.5643968,0.15565926,0.0643968,0.70736184,0.29263816,0.37104762,0.62895238,1
val,S41_AC09_F00031,legacy_adaptive_ratio,1,0.51120335,0.48879665,0.20874834,0.79125166,0.01120335,0.29125166,0.03704137,0.96295863,0.21995169,0.78004831,1
val,S41_AC09_F00061,legacy_adaptive_ratio,1,0.29898942,0.70101058,0.23226422,0.76773578,0.20101058,0.26773578,0.42882591,0.57117409,0.26087771,0.73912229,1
val,S41_AC09_F00091,legacy_adaptive_ratio,1,0.50443357,0.49556643,0.27280849,0.72719151,0.00443357,0.22719151,0.01914116,0.98085884,0.27724206,0.72275794,1
val,S41_AC09_F00121,legacy_adaptive_ratio,1,0.14518434,0.85481566,0.23151654,0.76848346,0.35481566,0.26848346,0.56925423,0.43074577,0.18237157,0.81762843,1
val,S41_AC09_F00151,legacy_adaptive_ratio,1,0.43924999,0.56075001,0.26867771,0.73132229,0.06075001,0.23132229,0.20799647,0.79200353,0.30415614,0.69584386,1
val,S41_AC09_F00181,legacy_adaptive_ratio,1,0.0672695,0.9327305,0.32118481,0.67881519,0.4327305,0.17881519,0.70760126,0.29239874,0.14151402,0.85848598,1
val,S41_AC09_F00211,legacy_adaptive_ratio,1,0.32326186,0.67673814,0.23652625,0.76347375,0.17673814,0.26347375,0.40148425,0.59851575,0.27134923,0.72865077,1
val,S01_AC01_F00001,margin_adaptive_ratio,0,0.67851746,0.32148254,0.54759353,0.45240647,0.35703492,0.09518707,0.78951252,0.21048748,0.65095961,0.34904039,0
val,S01_AC01_F00031,margin_adaptive_ratio,0,0.64711916,0.35288084,0.54346159,0.45653841,0.29423833,0.08692318,0.77195184,0.22804816,0.62348025,0.37651975,0
val,S01_AC01_F00061,margin_adaptive_ratio,0,0.59691387,0.40308613,0.57989475,0.42010525,0.19382775,0.1597895,0.54812866,0.45187134,0.58922342,0.41077658,0
val,S01_AC01_F00091,margin_adaptive_ratio,0,0.69248837,0.30751163,0.58147436,0.41852564,0.38497674,0.16294873,0.70260786,0.29739214,0.65947368,0.34052632,0
val,S01_AC05_F00001,margin_adaptive_ratio,1,0.17066455,0.82933545,0.4904235,0.5095765,0.6586709,0.019153,0.9717434,0.0282566,0.17969985,0.82030015,1
val,S01_AC05_F00031,margin_adaptive_ratio,1,0.26763594,0.73236406,0.48675776,0.51324224,0.46472812,0.02648449,0.94608345,0.05391655,0.27945023,0.72054977,1
val,S01_AC05_F00061,margin_adaptive_ratio,1,0.1711399,0.8288601,0.39579391,0.60420609,0.65772021,0.20841217,0.75937608,0.24062392,0.22519703,0.77480297,1
val,S01_AC06_F00001,margin_adaptive_ratio,1,0.048554,0.951446,0.29191679,0.70808321,0.90289199,0.41616642,0.68449735,0.31550265,0.12533561,0.87466439,1
val,S01_AC06_F00031,margin_adaptive_ratio,1,0.29440004,0.70559996,0.30750668,0.69249332,0.41119993,0.38498664,0.51646178,0.48353822,0.3007376,0.6992624,1
val,S01_AC06_F00061,margin_adaptive_ratio,1,0.35658914,0.64341086,0.41916943,0.58083057,0.28682172,0.16166115,0.63953774,0.36046226,0.37914697,0.62085303,1
val,S01_AC06_F00091,margin_adaptive_ratio,1,0.35133362,0.64866638,0.48369378,0.51630622,0.29733276,0.03261244,0.901158,0.098842,0.36441636,0.63558364,1
val,S01_AC07_F00001,margin_adaptive_ratio,1,0.33459806,0.66540194,0.29282415,0.70717585,0.33080387,0.4143517,0.44393934,0.55606066,0.31136923,0.68863077,1
val,S01_AC07_F00031,margin_adaptive_ratio,1,0.18035942,0.81964058,0.28041667,0.71958333,0.63928115,0.43916667,0.59277894,0.40722106,0.22110484,0.77889516,1
val,S01_AC07_F00061,margin_adaptive_ratio,1,0.1419605,0.8580395,0.17343062,0.82656938,0.716079,0.65313876,0.52298401,0.47701599,0.15697225,0.84302775,1
val,S01_AC07_F00091,margin_adaptive_ratio,1,0.24318343,0.75681657,0.32533288,0.67466712,0.51363313,0.34933424,0.59519415,0.40480585,0.27643801,0.72356199,1
val,S01_AC08_F00001,margin_adaptive_ratio,1,0.2022413,0.7977587,0.49428904,0.50571096,0.5955174,0.01142192,0.98118112,0.01881888,0.20773731,0.79226269,1
val,S01_AC08_F00031,margin_adaptive_ratio,1,0.18095696,0.81904304,0.37091947,0.62908053,0.63808608,0.25816107,0.71195326,0.28804674,0.23567504,0.76432496,1
val,S01_AC08_F00061,margin_adaptive_ratio,1,0.24371243,0.75628757,0.4834218,0.5165782,0.51257515,0.03315639,0.93924413,0.06075587,0.25827618,0.74172382,1
val,S01_AC08_F00091,margin_adaptive_ratio,1,0.11862838,0.88137162,0.54537871,0.45462129,0.76274323,0.09075743,0.89366449,0.10633551,0.1640071,0.8359929,1
val,S01_AC09_F00001,margin_adaptive_ratio,1,0.28115386,0.71884614,0.4552753,0.5447247,0.43769228,0.08944941,0.8303124,0.1696876,0.31070011,0.68929989,1
val,S01_AC09_F00031,margin_adaptive_ratio,1,0.15888745,0.84111255,0.37530893,0.62469107,0.68222511,0.24938214,0.73230979,0.26769021,0.21682136,0.78317864,1
val,S01_AC09_F00061,margin_adaptive_ratio,1,0.18695241,0.81304759,0.42480898,0.57519102,0.62609518,0.15038204,0.80632781,0.19367219,0.23301861,0.76698139,1
val,S02_AC01_F00001,margin_adaptive_ratio,0,0.14110088,0.85889912,0.43799675,0.56200325,0.71779823,0.12400651,0.8526897,0.1473103,0.1848367,0.8151633,1
val,S02_AC01_F00031,margin_adaptive_ratio,0,0.54876789,0.45123211,0.39342874,0.60657126,0.09753579,0.21314251,0.31394464,0.68605536,0.44219664,0.55780336,1
val,S02_AC01_F00061,margin_adaptive_ratio,0,0.5368236,0.4631764,0.50433934,0.49566066,0.0736472,0.00867867,0.89458145,0.10541855,0.53339916,0.46660084,0
val,S02_AC01_F00091,margin_adaptive_ratio,0,0.56200248,0.43799752,0.42692453,0.57307547,0.12400496,0.14615095,0.45901258,0.54098742,0.48892701,0.51107299,1
val,S02_AC01_F00121,margin_adaptive_ratio,0,0.53464293,0.46535707,0.53413516,0.46586484,0.06928587,0.06827033,0.50369138,0.49630862,0.53439092,0.46560908,0
val,S02_AC05_F00001,margin_adaptive_ratio,1,0.77406563,0.22593437,0.47624755,0.52375245,0.54813126,0.0475049,0.9202451,0.0797549,0.75031318,0.24968682,0
val,S02_AC05_F00031,margin_adaptive_ratio,1,0.51017526,0.48982474,0.46392202,0.53607798,0.02035052,0.07215595,0.21999019,0.78000981,0.47409728,0.52590272,1
val,S02_AC05_F00061,margin_adaptive_ratio,1,0.45391482,0.54608518,0.4554261,0.5445739,0.09217036,0.08914781,0.50833494,0.49166506,0.45465786,0.54534214,1
val,S02_AC05_F00091,margin_adaptive_ratio,1,0.45269608,0.54730392,0.41484332,0.58515668,0.09460783,0.17031336,0.35711689,0.64288311,0.42836118,0.57163882,1
val,S02_AC05_F00121,margin_adaptive_ratio,1,0.4708029,0.5291971,0.3518669,0.6481331,0.05839419,0.2962662,0.1646482,0.8353518,0.3714495,0.6285505,1
val,S02_AC05_F00151,margin_adaptive_ratio,1,0.42045677,0.57954323,0.44043976,0.55956024,0.15908647,0.11912048,0.5718278,0.4281722,0.42901293,0.57098707,1
val,S02_AC05_F00181,margin_adaptive_ratio,1,0.47235471,0.52764529,0.34358537,0.65641463,0.05529058,0.31282926,0.15019723,0.84980277,0.36292617,0.63707383,1
val,S02_AC06_F00001,margin_adaptive_ratio,1,0.64565456,0.35434544,0.56597331,0.43402669,0.29130912,0.13194662,0.68825792,0.31174208,0.62081456,0.37918544,0
val,S02_AC06_F00031,margin_adaptive_ratio,1,0.51187447,0.48812553,0.47003549,0.52996451,0.02374893,0.05992901,0.28381354,0.71618646,0.48190996,0.51809004,1
val,S02_AC06_F00061,margin_adaptive_ratio,1,0.63964009,0.36035991,0.53746879,0.46253121,0.27928019,0.07493758,0.78844206,0.21155794,0.61802494,0.38197506,0
val,S02_AC06_F00091,margin_adaptive_ratio,1,0.66202664,0.33797336,0.48044246,0.51955754,0.32405329,0.03911507,0.89229494,0.10770506,0.64246911,0.35753089,0
val,S02_AC06_F00121,margin_adaptive_ratio,1,0.38545197,0.61454803,0.3380087,0.6619913,0.22909606,0.3239826,0.41421967,0.58578033,0.35766064,0.64233936,1
val,S02_AC07_F00001,margin_adaptive_ratio,1,0.59499854,0.40500146,0.47475088,0.52524912,0.18999708,0.05049825,0.790024,0.209976,0.56974941,0.43025059,0
val,S02_AC07_F00031,margin_adaptive_ratio,1,0.24741679,0.75258321,0.39304739,0.60695261,0.50516641,0.21390522,0.70252586,0.29747414,0.29073813,0.70926187,1
val,S02_AC07_F00061,margin_adaptive_ratio,1,0.08803958,0.91196042,0.34168786,0.65831214,0.82392085,0.31662428,0.72239215,0.27760785,0.15845433,0.84154567,1
val,S02_AC07_F00091,margin_adaptive_ratio,1,0.09243256,0.90756744,0.37371629,0.62628371,0.81513488,0.25256741,0.76344772,0.23655228,0.15897087,0.84102913,1
val,S02_AC07_F00121,margin_adaptive_ratio,1,0.1159901,0.8840099,0.27464968,0.72535032,0.7680198,0.45070064,0.63018538,0.36981462,0.17466473,0.82533527,1
val,S02_AC08_F00001,margin_adaptive_ratio,1,0.26639348,0.73360652,0.59259871,0.40740129,0.46721303,0.18519741,0.71613359,0.28386641,0.35899219,0.64100781,1
val,S02_AC08_F00031,margin_adaptive_ratio,1,0.590462,0.409538,0.34066111,0.65933889,0.180924,0.31867778,0.36213642,0.63786358,0.43112311,0.56887689,1
val,S02_AC08_F00061,margin_adaptive_ratio,1,0.48423415,0.51576585,0.36292183,0.63707817,0.03153169,0.27415633,0.10314991,0.89685009,0.37543519,0.62456481,1
val,S02_AC08_F00091,margin_adaptive_ratio,1,0.66571409,0.33428591,0.34162843,0.65837157,0.33142817,0.31674314,0.51132805,0.48867195,0.50734252,0.49265748,0
val,S02_AC08_F00121,margin_adaptive_ratio,1,0.81380469,0.18619531,0.36566907,0.63433093,0.62760937,0.26866186,0.70024492,0.29975508,0.67947376,0.32052624,0
val,S02_AC09_F00001,margin_adaptive_ratio,1,0.66266918,0.33733082,0.3056798,0.6943202,0.32533836,0.3886404,0.45566952,0.54433048,0.46834898,0.53165102,1
val,S02_AC09_F00031,margin_adaptive_ratio,1,0.29563898,0.70436102,0.38682956,0.61317044,0.40872204,0.22634089,0.64359298,0.35640702,0.32813994,0.67186006,1
val,S02_AC09_F00061,margin_adaptive_ratio,1,0.34847319,0.65152681,0.35655636,0.64344364,0.30305362,0.28688729,0.51370165,0.48629835,0.35240402,0.64759598,1
val,S02_AC09_F00091,margin_adaptive_ratio,1,0.09134227,0.90865773,0.42245579,0.57754421,0.81731546,0.15508842,0.84051028,0.15948972,0.14415147,0.85584853,1
val,S03_AC01_F00001,margin_adaptive_ratio,0,0.57804191,0.42195809,0.51757336,0.48242664,0.15608382,0.03514671,0.81620763,0.18379237,0.56692825,0.43307175,0
val,S03_AC01_F00031,margin_adaptive_ratio,0,0.62459415,0.37540585,0.53705904,0.46294096,0.2491883,0.07411808,0.77074972,0.22925028,0.6045267,0.3954733,0
val,S03_AC01_F00061,margin_adaptive_ratio,0,0.5999566,0.4000434,0.57154262,0.42845738,0.1999132,0.14308524,0.58283997,0.41716003,0.58810342,0.41189658,0
val,S03_AC01_F00091,margin_adaptive_ratio,0,0.70857638,0.29142362,0.58021826,0.41978174,0.41715276,0.16043651,0.7222308,0.2777692,0.67292245,0.32707755,0
val,S03_AC01_F00121,margin_adaptive_ratio,0,0.06131673,0.93868327,0.48568904,0.51431096,0.87736654,0.02862191,0.96840808,0.03159192,0.07472346,0.92527654,1
val,S03_AC05_F00001,margin_adaptive_ratio,1,0.20485234,0.79514766,0.18584496,0.81415504,0.59029531,0.62831008,0.48440235,0.51559765,0.19505218,0.80494782,1
val,S03_AC05_F00031,margin_adaptive_ratio,1,0.17705494,0.82294506,0.23981512,0.76018488,0.64589012,0.52036977,0.5538132,0.4461868,0.2050577,0.7949423,1
val,S03_AC05_F00061,margin_adaptive_ratio,1,0.24632293,0.75367707,0.33953947,0.66046053,0.50735414,0.32092106,0.61254295,0.38745705,0.28244033,0.71755967,1
val,S03_AC05_F00091,margin_adaptive_ratio,1,0.2646656,0.7353344,0.19098443,0.80901557,0.47066879,0.61803114,0.43232187,0.56767813,0.22283841,0.77716159,1
val,S03_AC05_F00121,margin_adaptive_ratio,1,0.27407235,0.72592765,0.48472756,0.51527244,0.4518553,0.03054488,0.93668146,0.06331854,0.28741073,0.71258927,1
val,S03_AC06_F00001,margin_adaptive_ratio,1,0.26647884,0.73352116,0.25156599,0.74843401,0.46704233,0.49686801,0.48452881,0.51547119,0.2587917,0.7412083,1
val,S03_AC06_F00031,margin_adaptive_ratio,1,0.51627225,0.48372775,0.32692355,0.67307645,0.03254449,0.3461529,0.08593799,0.91406201,0.3431958,0.6568042,1
val,S03_AC06_F00061,margin_adaptive_ratio,1,0.2428205,0.7571795,0.36088395,0.63911605,0.514359,0.2782321,0.64895884,0.35104116,0.28426563,0.71573437,1
val,S03_AC06_F00091,margin_adaptive_ratio,1,0.15341079,0.84658921,0.30009067,0.69990933,0.69317842,0.39981866,0.6341997,0.3658003,0.20706634,0.79293366,1
val,S03_AC06_F00121,margin_adaptive_ratio,1,0.26883692,0.73116308,0.1858356,0.8141644,0.46232617,0.6283288,0.42389773,0.57610227,0.22101967,0.77898033,1
val,S03_AC07_F00001,margin_adaptive_ratio,1,0.10434383,0.89565617,0.38451684,0.61548316,0.79131234,0.23096633,0.77406715,0.22593285,0.16764412,0.83235588,1
val,S03_AC07_F00031,margin_adaptive_ratio,1,0.2609635,0.7390365,0.28589201,0.71410799,0.478073,0.42821598,0.52750614,0.47249386,0.27274207,0.72725793,1
val,S03_AC07_F00061,margin_adaptive_ratio,1,0.13651806,0.86348194,0.32054144,0.67945856,0.72696388,0.35891712,0.6694692,0.3305308,0.19734346,0.80265654,1
val,S03_AC07_F00091,margin_adaptive_ratio,1,0.15055096,0.84944904,0.19159508,0.80840492,0.69889808,0.61680984,0.53119546,0.46880454,0.16979263,0.83020737,1
val,S03_AC07_F00121,margin_adaptive_ratio,1,0.22086823,0.77913177,0.26712048,0.73287952,0.55826354,0.46575904,0.54516722,0.45483278,0.24190527,0.75809473,1
val,S03_AC07_F00151,margin_adaptive_ratio,1,0.21324569,0.78675431,0.23004937,0.76995063,0.57350862,0.53990126,0.51509209,0.48490791,0.22139393,0.77860607,1
val,S03_AC07_F00181,margin_adaptive_ratio,1,0.10639668,0.89360332,0.08916879,0.91083121,0.78720665,0.82166243,0.48929193,0.51070807,0.09759825,0.90240175,1
val,S03_AC08_F00001,margin_adaptive_ratio,1,0.43296927,0.56703073,0.49675137,0.50324863,0.13406146,0.00649726,0.95377545,0.04622455,0.43591757,0.56408243,1
val,S03_AC08_F00031,margin_adaptive_ratio,1,0.20399803,0.79600197,0.44658834,0.55341166,0.59200394,0.10682333,0.84713916,0.15286084,0.24108059,0.75891941,1
val,S03_AC08_F00061,margin_adaptive_ratio,1,0.1857118,0.8142882,0.46052361,0.53947639,0.6285764,0.07895279,0.88841056,0.11158944,0.2163779,0.7836221,1
val,S03_AC08_F00091,margin_adaptive_ratio,1,0.1108259,0.8891741,0.44584656,0.55415344,0.77834821,0.10830688,0.87784778,0.12215222,0.15174941,0.84825059,1
val,S03_AC08_F00121,margin_adaptive_ratio,1,0.68741521,0.31258479,0.42055225,0.57944775,0.37483042,0.15889549,0.70229009,0.29770991,0.60796747,0.39203253,0
val,S03_AC08_F00151,margin_adaptive_ratio,1,0.54552978,0.45447022,0.43064672,0.56935328,0.09105957,0.13870656,0.39631414,0.60368586,0.4761765,0.5238235,1
val,S03_AC09_F00001,margin_adaptive_ratio,1,0.17805916,0.82194084,0.50653389,0.49346611,0.64388168,0.01306778,0.98010839,0.01989161,0.18459305,0.81540695,1
val,S03_AC09_F00031,margin_adaptive_ratio,1,0.45133567,0.54866433,0.4240821,0.5759179,0.09732866,0.1518358,0.39062016,0.60937984,0.43472789,0.56527211,1
val,S03_AC09_F00061,margin_adaptive_ratio,1,0.20599931,0.79400069,0.51595357,0.48404643,0.58800137,0.03190714,0.94852927,0.05147073,0.22195289,0.77804711,1
val,S03_AC09_F00091,margin_adaptive_ratio,1,0.05780309,0.94219691,0.48254299,0.51745701,0.88439381,0.03491402,0.96202141,0.03797859,0.07393412,0.92606588,1
val,S03_AC09_F00121,margin_adaptive_ratio,1,0.19103873,0.80896127,0.45034367,0.54965633,0.61792254,0.09931266,0.86153404,0.13846596,0.22694364,0.77305636,1
val,S15_AC01_F00001,margin_adaptive_ratio,0,0.42769206,0.57230794,0.523581,0.476419,0.14461589,0.047162,0.75408011,0.24591989,0.45127305,0.54872695,1
val,S15_AC01_F00031,margin_adaptive_ratio,0,0.76561508,0.23438492,0.54473501,0.45526499,0.53123015,0.08947003,0.85585629,0.14414371,0.7337766,0.2662234,0
val,S15_AC01_F00061,margin_adaptive_ratio,0,0.84882228,0.15117772,0.52642068,0.47357932,0.69764456,0.05284137,0.92959046,0.07040954,0.82612213,0.17387787,0
val,S15_AC01_F00091,margin_adaptive_ratio,0,0.74394268,0.25605732,0.54377744,0.45622256,0.48788536,0.08755487,0.84784715,0.15215285,0.71348697,0.28651303,0
val,S15_AC05_F00001,margin_adaptive_ratio,1,0.47287297,0.52712703,0.3173849,0.6826151,0.05425406,0.3652302,0.12933514,0.87066486,0.33749497,0.66250503,1
val,S15_AC05_F00031,margin_adaptive_ratio,1,0.50201303,0.49798697,0.29839402,0.70160598,0.00402606,0.40321195,0.00988625,0.99011375,0.30040705,0.69959295,1
val,S15_AC05_F00061,margin_adaptive_ratio,1,0.31347775,0.68652225,0.38100529,0.61899471,0.37304449,0.23798943,0.61051356,0.38948644,0.33977881,0.66022119,1
val,S15_AC06_F00001,margin_adaptive_ratio,1,0.06831783,0.93168217,0.38254297,0.61745703,0.86336434,0.23491406,0.786107,0.213893,0.13552839,0.86447161,1
val,S15_AC06_F00031,margin_adaptive_ratio,1,0.21439666,0.78560334,0.52927709,0.47072291,0.57120669,0.05855417,0.90702158,0.09297842,0.24367374,0.75632626,1
val,S15_AC06_F00061,margin_adaptive_ratio,1,0.31117791,0.68882209,0.42039716,0.57960284,0.37764418,0.15920568,0.70344469,0.29655531,0.34356746,0.65643254,1
val,S15_AC06_F00091,margin_adaptive_ratio,1,0.29592365,0.70407635,0.48795921,0.51204079,0.4081527,0.02408159,0.9442858,0.0557142,0.30662276,0.69337724,1
val,S15_AC07_F00001,margin_adaptive_ratio,1,0.04968977,0.95031023,0.15847164,0.84152836,0.90062046,0.68305671,0.56868942,0.43131058,0.09660854,0.90339146,1
val,S15_AC07_F00031,margin_adaptive_ratio,1,0.14708722,0.85291278,0.30258709,0.69741291,0.70582557,0.39482582,0.64127986,0.35872014,0.20286815,0.79713185,1
val,S15_AC07_F00061,margin_adaptive_ratio,1,0.2935403,0.7064597,0.2827943,0.7172057,0.4129194,0.43441141,0.48731782,0.51268218,0.28803102,0.71196898,1
val,S15_AC08_F00001,margin_adaptive_ratio,1,0.13609153,0.86390847,0.38194585,0.61805415,0.72781694,0.2361083,0.75505538,0.24494462,0.19631222,0.80368778,1
val,S15_AC08_F00031,margin_adaptive_ratio,1,0.14326435,0.85673565,0.52982584,0.47017416,0.71347129,0.05965167,0.92284323,0.07715677,0.17309019,0.82690981,1
val,S15_AC08_F00061,margin_adaptive_ratio,1,0.14593053,0.85406947,0.48134959,0.51865041,0.70813894,0.03730083,0.94996132,0.05003868,0.16271446,0.83728554,1
val,S15_AC08_F00091,margin_adaptive_ratio,1,0.1046809,0.8953191,0.46886653,0.53113347,0.79063821,0.06226695,0.92699429,0.07300571,0.13126853,0.86873147,1
val,S15_AC08_F00121,margin_adaptive_ratio,1,0.22036183,0.77963817,0.39285439,0.60714561,0.55927634,0.21429121,0.72298319,0.27701681,0.26814517,0.73185483,1
val,S15_AC09_F00001,margin_adaptive_ratio,1,0.34426057,0.65573943,0.46467966,0.53532034,0.31147885,0.07064068,0.81513459,0.18486541,0.3665219,0.6334781,1
val,S15_AC09_F00031,margin_adaptive_ratio,1,0.08884579,0.91115421,0.29297036,0.70702964,0.82230842,0.41405928,0.66510021,0.33489979,0.15720706,0.84279294,1
val,S15_AC09_F00061,margin_adaptive_ratio,1,0.1583432,0.8416568,0.1314671,0.8685329,0.68331361,0.73706579,0.48107823,0.51892177,0.14439661,0.85560339,1
val,S15_AC09_F00091,margin_adaptive_ratio,1,0.21455586,0.78544414,0.33773071,0.66226929,0.57088828,0.32453859,0.63755992,0.36244008,0.25919936,0.74080064,1
val,S15_AC09_F00121,margin_adaptive_ratio,1,0.16415942,0.83584058,0.33380049,0.66619951,0.67168117,0.33239901,0.66895172,0.33104828,0.2203188,0.7796812,1
val,S20_AC01_F00001,margin_adaptive_ratio,0,0.43050981,0.56949019,0.23013008,0.76986992,0.13898039,0.53973985,0.2047683,0.7952317,0.27116149,0.72883851,1
val,S20_AC01_F00031,margin_adaptive_ratio,0,0.43107224,0.56892776,0.28488731,0.71511269,0.13785553,0.43022537,0.24266883,0.75733117,0.32036184,0.67963816,1
val,S20_AC01_F00061,margin_adaptive_ratio,0,0.32538718,0.67461282,0.32195646,0.67804354,0.34922564,0.35608709,0.49513588,0.50486412,0.32365513,0.67634487,1
val,S20_AC01_F00091,margin_adaptive_ratio,0,0.37847173,0.62152827,0.29492539,0.70507461,0.24305654,0.41014922,0.37209797,0.62790203,0.32601282,0.67398718,1
val,S20_AC05_F00001,margin_adaptive_ratio,1,0.22581059,0.77418941,0.2405175,0.7594825,0.54837883,0.51896501,0.51377898,0.48622102,0.2329614,0.7670386,1
val,S20_AC05_F00031,margin_adaptive_ratio,1,0.32379484,0.67620516,0.3688584,0.6311416,0.35241032,0.26228321,0.57331061,0.42668939,0.34302298,0.65697702,1
val,S20_AC05_F00061,margin_adaptive_ratio,1,0.31867814,0.68132186,0.35586733,0.64413267,0.36264372,0.28826535,0.55713423,0.44286577,0.33514796,0.66485204,1
val,S20_AC05_F00091,margin_adaptive_ratio,1,0.30500144,0.69499856,0.49969685,0.50030315,0.38999712,0.0006063,0.99844779,0.00155221,0.30530365,0.69469635,1
val,S20_AC05_F00121,margin_adaptive_ratio,1,0.2617709,0.7382291,0.36342424,0.63657576,0.47645819,0.27315152,0.63560835,0.36439165,0.29881253,0.70118747,1
val,S20_AC06_F00001,margin_adaptive_ratio,1,0.30847323,0.69152677,0.22768617,0.77231383,0.38305354,0.54462767,0.41291506,0.58708494,0.26104436,0.73895564,1
val,S20_AC06_F00031,margin_adaptive_ratio,1,0.26219398,0.73780602,0.24015528,0.75984472,0.47561204,0.51968944,0.47785726,0.52214274,0.25068663,0.74931337,1
val,S20_AC06_F00061,margin_adaptive_ratio,1,0.1662547,0.8337453,0.26657331,0.73342669,0.6674906,0.46685338,0.58843756,0.41156244,0.20754207,0.79245793,1
val,S20_AC06_F00091,margin_adaptive_ratio,1,0.20768803,0.79231197,0.23490411,0.76509589,0.58462393,0.53019178,0.52441307,0.47558693,0.22063164,0.77936836,1
val,S20_AC06_F00121,margin_adaptive_ratio,1,0.11614162,0.88385838,0.30649698,0.69350302,0.76771677,0.38700604,0.6648494,0.3351506,0.17993933,0.82006067,1
val,S20_AC07_F00001,margin_adaptive_ratio,1,0.25442511,0.74557489,0.25530541,0.74469459,0.49114978,0.48938918,0.50089777,0.49910223,0.25486447,0.74513553,1
val,S20_AC07_F00031,margin_adaptive_ratio,1,0.33113569,0.66886431,0.26367885,0.73632115,0.33772862,0.4726423,0.41675807,0.58324193,0.29179203,0.70820797,1
val,S20_AC07_F00061,margin_adaptive_ratio,1,0.22992194,0.77007806,0.2099309,0.7900691,0.54015613,0.58013821,0.48215555,0.51784445,0.21956969,0.78043031,1
val,S20_AC07_F00091,margin_adaptive_ratio,1,0.14408177,0.85591823,0.19948578,0.80051422,0.71183646,0.60102844,0.54220084,0.45779916,0.16944568,0.83055432,1
val,S20_AC07_F00121,margin_adaptive_ratio,1,0.2282961,0.7717039,0.24473375,0.75526625,0.5434078,0.5105325,0.51559638,0.48440362,0.23625856,0.76374144,1
val,S20_AC07_F00151,margin_adaptive_ratio,1,0.2489484,0.7510516,0.27087629,0.72912371,0.50210321,0.45824742,0.52283322,0.47716678,0.25941166,0.74058834,1
val,S20_AC08_F00001,margin_adaptive_ratio,1,0.25671667,0.74328333,0.23470861,0.76529139,0.48656666,0.53058279,0.478363,0.521637,0.24523645,0.75476355,1
val,S20_AC08_F00031,margin_adaptive_ratio,1,0.20687205,0.79312795,0.30443943,0.69556057,0.58625591,0.39112115,0.59982573,0.40017427,0.245916,0.754084,1
val,S20_AC08_F00061,margin_adaptive_ratio,1,0.26748323,0.73251677,0.22548085,0.77451915,0.46503353,0.54903829,0.45858047,0.54141953,0.24474233,0.75525767,1
val,S20_AC08_F00091,margin_adaptive_ratio,1,0.16126621,0.83873379,0.29858923,0.70141077,0.67746758,0.40282154,0.62711692,0.37288308,0.21247164,0.78752836,1
val,S20_AC08_F00121,margin_adaptive_ratio,1,0.28449136,0.71550864,0.34853488,0.65146512,0.43101728,0.30293024,0.58725899,0.41274101,0.31092475,0.68907525,1
val,S20_AC08_F00151,margin_adaptive_ratio,1,0.41171789,0.58828211,0.24209392,0.75790608,0.17656422,0.51581216,0.2550119,0.7449881,0.28535005,0.71464995,1
val,S20_AC09_F00001,margin_adaptive_ratio,1,0.03208786,0.96791214,0.29669386,0.70330614,0.93582428,0.40661228,0.69710876,0.30289124,0.1122347,0.8877653,1
val,S20_AC09_F00031,margin_adaptive_ratio,1,0.11337268,0.88662732,0.25527853,0.74472147,0.77325463,0.48944294,0.61238308,0.38761692,0.16837779,0.83162221,1
val,S20_AC09_F00061,margin_adaptive_ratio,1,0.07706815,0.92293185,0.27644807,0.72355193,0.8458637,0.44710386,0.65420334,0.34579666,0.14601306,0.85398694,1
val,S20_AC09_F00091,margin_adaptive_ratio,1,0.09335369,0.90664631,0.32923126,0.67076874,0.81329262,0.34153748,0.70425305,0.29574695,0.16311376,0.83688624,1
val,S20_AC09_F00121,margin_adaptive_ratio,1,0.06422561,0.93577439,0.37976533,0.62023467,0.87154877,0.24046934,0.78375412,0.21624588,0.13245978,0.86754022,1
val,S22_AC01_F00001,margin_adaptive_ratio,0,0.17739642,0.82260358,0.29784167,0.70215833,0.64520717,0.40431666,0.61476181,0.38523819,0.22379653,0.77620347,1
val,S22_AC01_F00031,margin_adaptive_ratio,0,0.21057469,0.78942531,0.53888834,0.46111166,0.57885063,0.07777667,0.88155127,0.11844873,0.24946302,0.75053698,1
val,S22_AC01_F00061,margin_adaptive_ratio,0,0.59153557,0.40846443,0.44786912,0.55213088,0.18307114,0.10426176,0.6371395,0.3628605,0.53940469,0.46059531,0
val,S22_AC01_F00091,margin_adaptive_ratio,0,0.09877402,0.90122598,0.51344144,0.48655856,0.80245197,0.02688289,0.967585,0.032415,0.11221546,0.88778454,1
val,S22_AC05_F00001,margin_adaptive_ratio,1,0.29599261,0.70400739,0.38361657,0.61638343,0.40801477,0.23276687,0.63674542,0.36325458,0.32782242,0.67217758,1
val,S22_AC05_F00031,margin_adaptive_ratio,1,0.25886011,0.74113989,0.41050565,0.58949435,0.48227978,0.1789887,0.72932522,0.27067478,0.29990673,0.70009327,1
val,S22_AC05_F00061,margin_adaptive_ratio,1,0.19453841,0.80546159,0.39563626,0.60436374,0.61092317,0.20872748,0.7453458,0.2546542,0.24574883,0.75425117,1
val,S22_AC05_F00091,margin_adaptive_ratio,1,0.35463279,0.64536721,0.34554076,0.65445924,0.29073441,0.30891848,0.48483784,0.51516216,0.34994892,0.65005108,1
val,S22_AC06_F00001,margin_adaptive_ratio,1,0.61079261,0.38920739,0.46271348,0.53728652,0.22158521,0.07457304,0.74819868,0.25180132,0.57350609,0.42649391,0
val,S22_AC06_F00031,margin_adaptive_ratio,1,0.66583097,0.33416903,0.28226084,0.71773916,0.33166194,0.43547833,0.43233546,0.56766454,0.4480918,0.5519082,1
val,S22_AC06_F00061,margin_adaptive_ratio,1,0.44306719,0.55693281,0.33899939,0.66100061,0.11386561,0.32200122,0.26123946,0.73876054,0.36618601,0.63381399,1
val,S22_AC06_F00091,margin_adaptive_ratio,1,0.45017993,0.54982007,0.4047026,0.5952974,0.09964013,0.19059479,0.34330855,0.65669145,0.42031536,0.57968464,1
val,S22_AC06_F00121,margin_adaptive_ratio,1,0.41615212,0.58384788,0.37193149,0.62806851,0.16769576,0.25613701,0.39566492,0.60433508,0.38942804,0.61057196,1
val,S22_AC07_F00001,margin_adaptive_ratio,1,0.25849527,0.74150473,0.19781274,0.80218726,0.48300946,0.60437453,0.44419401,0.55580599,0.22476755,0.77523245,1
val,S22_AC07_F00031,margin_adaptive_ratio,1,0.290353,0.709647,0.13235605,0.86764395,0.419294,0.7352879,0.36315657,0.63684343,0.18973368,0.81026632,1
val,S22_AC07_F00061,margin_adaptive_ratio,1,0.1784659,0.8215341,0.21690422,0.78309578,0.64306819,0.56619155,0.53178665,0.46821335,0.19646324,0.80353676,1
val,S22_AC07_F00091,margin_adaptive_ratio,1,0.12922233,0.87077767,0.27669251,0.72330749,0.74155533,0.44661498,0.62411535,0.37588465,0.18465411,0.81534589,1
val,S22_AC07_F00121,margin_adaptive_ratio,1,0.12713844,0.87286156,0.17324543,0.82675457,0.74572313,0.65350914,0.53295164,0.46704836,0.14867263,0.85132737,1
val,S22_AC08_F00001,margin_adaptive_ratio,1,0.20390099,0.79609901,0.40074456,0.59925544,0.59219801,0.19851089,0.74894568,0.25105432,0.25331942,0.74668058,1
val,S22_AC08_F00031,margin_adaptive_ratio,1,0.44227308,0.55772692,0.56936207,0.43063793,0.11545384,0.13872415,0.45422438,0.54577562,0.51163515,0.48836485,0
val,S22_AC08_F00061,margin_adaptive_ratio,1,0.21483946,0.78516054,0.33562273,0.66437727,0.57032108,0.32875454,0.63434161,0.36565839,0.25900487,0.74099513,1
val,S22_AC08_F00091,margin_adaptive_ratio,1,0.198524,0.801476,0.32607698,0.67392302,0.602952,0.34784603,0.63415361,0.36584639,0.2451888,0.7548112,1
val,S22_AC09_F00001,margin_adaptive_ratio,1,0.50634426,0.49365574,0.45315826,0.54684174,0.01268852,0.09368348,0.11928438,0.88071562,0.45950252,0.54049748,1
val,S22_AC09_F00031,margin_adaptive_ratio,1,0.18819612,0.81180388,0.47553962,0.52446038,0.62360775,0.04892075,0.92725847,0.07274153,0.20909793,0.79090207,1
val,S22_AC09_F00061,margin_adaptive_ratio,1,0.33582383,0.66417617,0.36237806,0.63762194,0.32835233,0.27524388,0.54399336,0.45600664,0.34793274,0.65206726,1
val,S22_AC09_F00091,margin_adaptive_ratio,1,0.13719541,0.86280459,0.41146952,0.58853048,0.72560918,0.17706096,0.80384755,0.19615245,0.19099495,0.80900505,1
val,S22_AC09_F00121,margin_adaptive_ratio,1,0.25038248,0.74961752,0.34677327,0.65322673,0.49923503,0.30645347,0.61963778,0.38036222,0.2870459,0.7129541,1
val,S22_AC09_F00151,margin_adaptive_ratio,1,0.18115914,0.81884086,0.32859468,0.67140532,0.63768172,0.34281063,0.65036889,0.34963111,0.23270719,0.76729281,1
val,S27_AC01_F00001,margin_adaptive_ratio,0,0.58585119,0.41414881,0.47768545,0.52231455,0.17170238,0.0446291,0.79370041,0.20629959,0.56353664,0.43646336,0
val,S27_AC01_F00031,margin_adaptive_ratio,0,0.59759665,0.40240335,0.53237405,0.46762595,0.19519329,0.06474811,0.75091267,0.24908733,0.58135052,0.41864948,0
val,S27_AC01_F00061,margin_adaptive_ratio,0,0.04800183,0.95199817,0.18385166,0.81614834,0.90399635,0.63229668,0.58842703,0.41157297,0.10391394,0.89608606,1
val,S27_AC05_F00001,margin_adaptive_ratio,1,0.17804211,0.82195789,0.36144984,0.63855016,0.64391577,0.27710032,0.69913628,0.30086372,0.23322284,0.76677716,1
val,S27_AC05_F00031,margin_adaptive_ratio,1,0.16065407,0.83934593,0.34615612,0.65384388,0.67869186,0.30768776,0.68806355,0.31193645,0.21851892,0.78148108,1
val,S27_AC05_F00061,margin_adaptive_ratio,1,0.28404492,0.71595508,0.36976117,0.63023883,0.43191016,0.26047766,0.62379803,0.37620197,0.31629154,0.68370846,1
val,S27_AC05_F00091,margin_adaptive_ratio,1,0.17384034,0.82615966,0.35265511,0.64734489,0.65231931,0.29468977,0.68882054,0.31117946,0.22948383,0.77051617,1
val,S27_AC06_F00001,margin_adaptive_ratio,1,0.06831819,0.93168181,0.35454226,0.64545774,0.86336362,0.29091549,0.74796781,0.25203219,0.14045587,0.85954413,1
val,S27_AC06_F00031,margin_adaptive_ratio,1,0.1278674,0.8721326,0.32642496,0.67357504,0.7442652,0.34715009,0.68192668,0.31807332,0.19102326,0.80897674,1
val,S27_AC06_F00061,margin_adaptive_ratio,1,0.12353772,0.87646228,0.23570836,0.76429164,0.75292456,0.52858329,0.5875302,0.4124698,0.16980472,0.83019528,1
val,S27_AC07_F00001,margin_adaptive_ratio,1,0.38415474,0.61584526,0.40686643,0.59313357,0.23169053,0.18626714,0.5543397,0.4456603,0.39427644,0.60572356,1
val,S27_AC07_F00031,margin_adaptive_ratio,1,0.09318501,0.90681499,0.32595021,0.67404979,0.81362998,0.34809959,0.70036091,0.29963909,0.16293056,0.83706944,1
val,S27_AC07_F00061,margin_adaptive_ratio,1,0.11053371,0.88946629,0.27900958,0.72099042,0.77893257,0.44198084,0.63799166,0.36200834,0.17152338,0.82847662,1
val,S27_AC07_F00091,margin_adaptive_ratio,1,0.20713693,0.79286307,0.31024462,0.68975538,0.58572614,0.37951076,0.60682112,0.39317888,0.2476767,0.7523233,1
val,S27_AC08_F00001,margin_adaptive_ratio,1,0.27102357,0.72897643,0.24457246,0.75542754,0.45795286,0.51085508,0.47269726,0.52730274,0.25707583,0.74292417,1
val,S27_AC08_F00031,margin_adaptive_ratio,1,0.16891831,0.83108169,0.39144325,0.60855675,0.66216338,0.21711349,0.75307721,0.24692279,0.22386479,0.77613521,1
val,S27_AC08_F00061,margin_adaptive_ratio,1,0.13581318,0.86418682,0.43692207,0.56307793,0.72837365,0.12615585,0.85236805,0.14763195,0.18026647,0.81973353,1
val,S27_AC08_F00091,margin_adaptive_ratio,1,0.18572116,0.81427884,0.27689487,0.72310513,0.62855768,0.44621027,0.58483106,0.41516894,0.22357365,0.77642635,1
val,S27_AC09_F00001,margin_adaptive_ratio,1,0.17295003,0.82704997,0.15858501,0.84141499,0.65409994,0.68282998,0.48925522,0.51074478,0.16561317,0.83438683,1
val,S27_AC09_F00031,margin_adaptive_ratio,1,0.07145995,0.92854005,0.23564607,0.76435393,0.8570801,0.52870786,0.61847853,0.38152147,0.13410048,0.86589952,1
val,S27_AC09_F00061,margin_adaptive_ratio,1,0.19627929,0.80372071,0.25729233,0.74270767,0.60744143,0.48541534,0.55582895,0.44417105,0.22337951,0.77662049,1
val,S27_AC09_F00091,margin_adaptive_ratio,1,0.11681533,0.88318467,0.38352901,0.61647099,0.76636934,0.23294199,0.76689748,0.23310252,0.17898696,0.82101304,1
val,S41_AC01_F00001,margin_adaptive_ratio,0,0.31344563,0.68655437,0.27328908,0.72671092,0.37310874,0.45342183,0.45141554,0.54858446,0.29141637,0.70858363,1
val,S41_AC01_F00031,margin_adaptive_ratio,0,0.4465943,0.5534057,0.27288538,0.72711462,0.1068114,0.45422924,0.19038087,0.80961913,0.30595624,0.69404376,1
val,S41_AC01_F00061,margin_adaptive_ratio,0,0.75925405,0.24074595,0.39279604,0.60720396,0.51850811,0.21440792,0.70745909,0.29254091,0.65205009,0.34794991,0
val,S41_AC01_F00091,margin_adaptive_ratio,0,0.53722554,0.46277446,0.20470935,0.79529065,0.07445109,0.5905813,0.11195107,0.88804893,0.2419349,0.7580651,1
val,S41_AC01_F00121,margin_adaptive_ratio,0,0.51069281,0.48930719,0.24838281,0.75161719,0.02138561,0.50323439,0.040764,0.959236,0.25907561,0.74092439,1
val,S41_AC05_F00001,margin_adaptive_ratio,1,0.54098952,0.45901048,0.2425108,0.7574892,0.08197904,0.51497841,0.13732811,0.86267189,0.28350031,0.71649969,1
val,S41_AC05_F00031,margin_adaptive_ratio,1,0.4691956,0.5308044,0.21067935,0.78932065,0.06160879,0.5786413,0.09622614,0.90377386,0.23555537,0.76444463,1
val,S41_AC05_F00061,margin_adaptive_ratio,1,0.10973316,0.89026684,0.26773542,0.73226458,0.78053367,0.46452916,0.62690304,0.37309696,0.16868333,0.83131667,1
val,S41_AC05_F00091,margin_adaptive_ratio,1,0.17786139,0.82213861,0.13699162,0.86300838,0.64427722,0.72601676,0.47017445,0.52982555,0.15620754,0.84379246,1
val,S41_AC05_F00121,margin_adaptive_ratio,1,0.11227864,0.88772136,0.16815144,0.83184856,0.77544272,0.66369712,0.53882374,0.46117626,0.13804585,0.86195415,1
val,S41_AC06_F00001,margin_adaptive_ratio,1,0.5894331,0.4105669,0.17916501,0.82083499,0.17886621,0.64166999,0.21798698,0.78201302,0.26859811,0.73140189,1
val,S41_AC06_F00031,margin_adaptive_ratio,1,0.24542898,0.75457102,0.3066752,0.6933248,0.50914204,0.38664961,0.56837105,0.43162895,0.27186462,0.72813538,1
val,S41_AC06_F00061,margin_adaptive_ratio,1,0.29268748,0.70731252,0.23642135,0.76357865,0.41462505,0.52715731,0.4402557,0.5597443,0.26119283,0.73880717,1
val,S41_AC06_F00091,margin_adaptive_ratio,1,0.24267626,0.75732374,0.2141673,0.7858327,0.51464748,0.57166541,0.47375622,0.52624378,0.22767359,0.77232641,1
val,S41_AC06_F00121,margin_adaptive_ratio,1,0.10929829,0.89070171,0.18227559,0.81772441,0.78140342,0.63544881,0.55150664,0.44849336,0.14202812,0.85797188,1
val,S41_AC06_F00151,margin_adaptive_ratio,1,0.46552151,0.53447849,0.26625609,0.73374391,0.06895697,0.46748781,0.1285444,0.8714556,0.29187055,0.70812945,1
val,S41_AC07_F00001,margin_adaptive_ratio,1,0.20674682,0.79325318,0.31003666,0.68996334,0.58650637,0.37992668,0.60687739,0.39312261,0.24735239,0.75264761,1
val,S41_AC07_F00031,margin_adaptive_ratio,1,0.24315721,0.75684279,0.16120899,0.83879101,0.51368558,0.67758203,0.43120923,0.56879077,0.19654582,0.80345418,1
val,S41_AC07_F00061,margin_adaptive_ratio,1,0.18747747,0.81252253,0.14733642,0.85266358,0.62504506,0.70532715,0.46982721,0.53017279,0.16619578,0.83380422,1
val,S41_AC07_F00091,margin_adaptive_ratio,1,0.35790139,0.64209861,0.0982281,0.9017719,0.28419721,0.80354381,0.26127286,0.73872714,0.16607368,0.83392632,1
val,S41_AC07_F00121,margin_adaptive_ratio,1,0.17441976,0.82558024,0.13706911,0.86293089,0.65116048,0.72586179,0.47287578,0.52712422,0.15473133,0.84526867,1
val,S41_AC08_F00001,margin_adaptive_ratio,1,0.48291123,0.51708877,0.28176045,0.71823955,0.03417754,0.43647909,0.07261672,0.92738328,0.29636736,0.70363264,1
val,S41_AC08_F00031,margin_adaptive_ratio,1,0.1915077,0.8084923,0.34558034,0.65441966,0.61698461,0.30883932,0.66641679,0.33358321,0.24290374,0.75709626,1
val,S41_AC08_F00061,margin_adaptive_ratio,1,0.35789537,0.64210463,0.28538531,0.71461469,0.28420925,0.42922938,0.39836538,0.60163462,0.31427081,0.68572919,1
val,S41_AC08_F00091,margin_adaptive_ratio,1,0.341223,0.658777,0.19592422,0.80407578,0.317554,0.60815156,0.34303996,0.65696004,0.24576751,0.75423249,1
val,S41_AC08_F00121,margin_adaptive_ratio,1,0.30209273,0.69790727,0.21481109,0.78518891,0.39581454,0.57037783,0.40966432,0.59033568,0.25056726,0.74943274,1
val,S41_AC09_F00001,margin_adaptive_ratio,1,0.34434074,0.65565926,0.4356032,0.5643968,0.31131852,0.1287936,0.70736184,0.29263816,0.37104762,0.62895238,1
val,S41_AC09_F00031,margin_adaptive_ratio,1,0.51120335,0.48879665,0.20874834,0.79125166,0.0224067,0.58250332,0.03704137,0.96295863,0.21995169,0.78004831,1
val,S41_AC09_F00061,margin_adaptive_ratio,1,0.29898942,0.70101058,0.23226422,0.76773578,0.40202117,0.53547156,0.42882591,0.57117409,0.26087771,0.73912229,1
val,S41_AC09_F00091,margin_adaptive_ratio,1,0.50443357,0.49556643,0.27280849,0.72719151,0.00886714,0.45438302,0.01914116,0.98085884,0.27724206,0.72275794,1
val,S41_AC09_F00121,margin_adaptive_ratio,1,0.14518434,0.85481566,0.23151654,0.76848346,0.70963132,0.53696692,0.56925423,0.43074577,0.18237157,0.81762843,1
val,S41_AC09_F00151,margin_adaptive_ratio,1,0.43924999,0.56075001,0.26867771,0.73132229,0.12150002,0.46264458,0.20799647,0.79200353,0.30415614,0.69584386,1
val,S41_AC09_F00181,margin_adaptive_ratio,1,0.0672695,0.9327305,0.32118481,0.67881519,0.86546099,0.35763037,0.70760126,0.29239874,0.14151402,0.85848598,1
val,S41_AC09_F00211,margin_adaptive_ratio,1,0.32326186,0.67673814,0.23652625,0.76347375,0.35347629,0.5269475,0.40148425,0.59851575,0.27134923,0.72865077,1
val,S01_AC01_F00001,entropy_adaptive_ratio,0,0.67851746,0.32148254,0.54759353,0.45240647,0.09401362,0.00654573,0.93490679,0.06509321,0.6699952,0.3300048,0
val,S01_AC01_F00031,entropy_adaptive_ratio,0,0.64711916,0.35288084,0.54346159,0.45653841,0.0633854,0.00545713,0.9207303,0.0792697,0.63890226,0.36109774,0
val,S01_AC01_F00061,entropy_adaptive_ratio,0,0.59691387,0.40308613,0.57989475,0.42010525,0.02727274,0.01849713,0.5958667,0.4041333,0.59003588,0.40996412,0
val,S01_AC01_F00091,entropy_adaptive_ratio,0,0.69248837,0.30751163,0.58147436,0.41852564,0.10971985,0.0192391,0.85081221,0.14918779,0.67592644,0.32407356,0
val,S01_AC05_F00001,entropy_adaptive_ratio,1,0.17066455,0.82933545,0.4904235,0.5095765,0.34077727,0.00026463,0.99922404,0.00077596,0.17091267,0.82908733,1
val,S01_AC05_F00031,entropy_adaptive_ratio,1,0.26763594,0.73236406,0.48675776,0.51324224,0.16194813,0.00050603,0.99688507,0.00311493,0.26831849,0.73168151,1
val,S01_AC05_F00061,entropy_adaptive_ratio,1,0.1711399,0.8288601,0.39579391,0.60420609,0.33969425,0.03156304,0.91498337,0.08501663,0.19023922,0.80976078,1
val,S01_AC06_F00001,entropy_adaptive_ratio,1,0.048554,0.951446,0.29191679,0.70808321,0.71977758,0.12881557,0.84820103,0.15179897,0.08549622,0.91450378,1
val,S01_AC06_F00031,entropy_adaptive_ratio,1,0.29440004,0.70559996,0.30750668,0.69249332,0.12566256,0.10972565,0.53385241,0.46614759,0.30050967,0.69949033,1
val,S01_AC06_F00061,entropy_adaptive_ratio,1,0.35658914,0.64341086,0.41916943,0.58083057,0.06018456,0.01893492,0.76067944,0.23932056,0.37156589,0.62843411,1
val,S01_AC06_F00091,entropy_adaptive_ratio,1,0.35133362,0.64866638,0.48369378,0.51630622,0.06474655,0.00076734,0.98828736,0.01171264,0.35288391,0.64711609,1
val,S01_AC07_F00001,entropy_adaptive_ratio,1,0.33459806,0.66540194,0.29282415,0.70717585,0.08044462,0.1276585,0.38656134,0.61343866,0.30897233,0.69102767,1
val,S01_AC07_F00031,entropy_adaptive_ratio,1,0.18035942,0.81964058,0.28041667,0.71958333,0.3191373,0.14398207,0.68910376,0.31089624,0.21146684,0.78853316,1
val,S01_AC07_F00061,entropy_adaptive_ratio,1,0.1419605,0.8580395,0.17343062,0.82656938,0.41064975,0.33450726,0.55109157,0.44890843,0.1560877,0.8439123,1
val,S01_AC07_F00091,entropy_adaptive_ratio,1,0.24318343,0.75681657,0.32533288,0.67466712,0.19970574,0.08991324,0.68954646,0.31045354,0.26868702,0.73131298,1
val,S01_AC08_F00001,entropy_adaptive_ratio,1,0.2022413,0.7977587,0.49428904,0.50571096,0.27361189,9.411e-05,0.99965617,0.00034383,0.20234172,0.79765828,1
val,S01_AC08_F00031,entropy_adaptive_ratio,1,0.18095696,0.81904304,0.37091947,0.62908053,0.31783395,0.04862453,0.8673123,0.1326877,0.20616265,0.79383735,1
val,S01_AC08_F00061,entropy_adaptive_ratio,1,0.24371243,0.75628757,0.4834218,0.5165782,0.1988404,0.00079316,0.99602694,0.00397306,0.24466481,0.75533519,1
val,S01_AC08_F00091,entropy_adaptive_ratio,1,0.11862838,0.88137162,0.54537871,0.45462129,0.4745947,0.00594986,0.98761851,0.01238149,0.12391219,0.87608781,1
val,S01_AC09_F00001,entropy_adaptive_ratio,1,0.28115386,0.71884614,0.4552753,0.5447247,0.14298174,0.00577936,0.96115003,0.03884997,0.28791847,0.71208153,1
val,S01_AC09_F00031,entropy_adaptive_ratio,1,0.15888745,0.84111255,0.37530893,0.62469107,0.36835868,0.04533862,0.8904063,0.1095937,0.18260588,0.81739412,1
val,S01_AC09_F00061,entropy_adaptive_ratio,1,0.18695241,0.81304759,0.42480898,0.57519102,0.30494757,0.01637515,0.94903831,0.05096169,0.19907399,0.80092601,1
val,S02_AC01_F00001,entropy_adaptive_ratio,0,0.14110088,0.85889912,0.43799675,0.56200325,0.41288532,0.01112121,0.97377113,0.02622887,0.14888812,0.85111188,1
val,S02_AC01_F00031,entropy_adaptive_ratio,0,0.54876789,0.45123211,0.39342874,0.60657126,0.00687327,0.03302337,0.17227684,0.82772316,0.42019008,0.57980992,1
val,S02_AC01_F00061,entropy_adaptive_ratio,0,0.5368236,0.4631764,0.50433934,0.49566066,0.00391607,5.433e-05,0.9863157,0.0136843,0.53637908,0.46362092,0
val,S02_AC01_F00091,entropy_adaptive_ratio,0,0.56200248,0.43799752,0.42692453,0.57307547,0.01112093,0.01546338,0.41832683,0.58167317,0.48343126,0.51656874,1
val,S02_AC01_F00121,entropy_adaptive_ratio,0,0.53464293,0.46535707,0.53413516,0.46586484,0.00346563,0.0033647,0.50738819,0.49261181,0.5343928,0.4656072,0
val,S02_AC05_F00001,entropy_adaptive_ratio,1,0.77406563,0.22593437,0.47624755,0.52375245,0.22914361,0.00162849,0.9929433,0.0070567,0.77196402,0.22803598,0
val,S02_AC05_F00031,entropy_adaptive_ratio,1,0.51017526,0.48982474,0.46392202,0.53607798,0.00029876,0.00375895,0.07362823,0.92637177,0.46732757,0.53267243,1
val,S02_AC05_F00061,entropy_adaptive_ratio,1,0.45391482,0.54608518,0.4554261,0.5445739,0.00613682,0.00574041,0.51668818,0.48331182,0.45464524,0.54535476,1
val,S02_AC05_F00091,entropy_adaptive_ratio,1,0.45269608,0.54730392,0.41484332,0.58515668,0.00646619,0.02102622,0.23519912,0.76480088,0.42374626,0.57625374,1
val,S02_AC05_F00121,entropy_adaptive_ratio,1,0.4708029,0.5291971,0.3518669,0.6481331,0.00246111,0.06427569,0.03687785,0.96312215,0.35625301,0.64374699,1
val,S02_AC05_F00151,entropy_adaptive_ratio,1,0.42045677,0.57954323,0.44043976,0.55956024,0.01833402,0.01026004,0.64118281,0.35881719,0.42762701,0.57237299,1
val,S02_AC05_F00181,entropy_adaptive_ratio,1,0.47235471,0.52764529,0.34358537,0.65641463,0.00220632,0.07179159,0.02981596,0.97018404,0.34742475,0.65257525,1
val,S02_AC06_F00001,entropy_adaptive_ratio,1,0.64565456,0.35434544,0.56597331,0.43402669,0.06211086,0.01259529,0.83140219,0.16859781,0.63222048,0.36777952,0
val,S02_AC06_F00031,entropy_adaptive_ratio,1,0.51187447,0.48812553,0.47003549,0.52996451,0.00040689,0.00259226,0.13566739,0.86433261,0.47571168,0.52428832,1
val,S02_AC06_F00061,entropy_adaptive_ratio,1,0.63964009,0.36035991,0.53746879,0.46253121,0.05701847,0.00405463,0.93361023,0.06638977,0.63285696,0.36714304,0
val,S02_AC06_F00091,entropy_adaptive_ratio,1,0.66202664,0.33797336,0.48044246,0.51955754,0.07713387,0.00110394,0.98589,0.01411,0.65946449,0.34053551,0
val,S02_AC06_F00121,entropy_adaptive_ratio,1,0.38545197,0.61454803,0.3380087,0.6619913,0.03819826,0.07709959,0.33130072,0.66869928,0.35372669,0.64627331,1
val,S02_AC07_F00001,entropy_adaptive_ratio,1,0.59499854,0.40500146,0.47475088,0.52524912,0.02619882,0.00184027,0.93436765,0.06563235,0.5871064,0.4128936,0
val,S02_AC07_F00031,entropy_adaptive_ratio,1,0.24741679,0.75258321,0.39304739,0.60695261,0.19284189,0.03326199,0.85289066,0.14710934,0.26884042,0.73115958,1
val,S02_AC07_F00061,entropy_adaptive_ratio,1,0.08803958,0.91196042,0.34168786,0.65831214,0.57010789,0.07357528,0.88569644,0.11430356,0.11703248,0.88296752,1
val,S02_AC07_F00091,entropy_adaptive_ratio,1,0.09243256,0.90756744,0.37371629,0.62628371,0.55546232,0.04651712,0.9227264,0.0772736,0.11416837,0.88583163,1
val,S02_AC07_F00121,entropy_adaptive_ratio,1,0.1159901,0.8840099,0.27464968,0.72535032,0.48227637,0.15194221,0.76042612,0.23957388,0.15400079,0.84599921,1
val,S02_AC08_F00001,entropy_adaptive_ratio,1,0.26639348,0.73360652,0.59259871,0.40740129,0.16375823,0.02488424,0.86808781,0.13191219,0.30942393,0.69057607,1
val,S02_AC08_F00031,entropy_adaptive_ratio,1,0.590462,0.409538,0.34066111,0.65933889,0.02374276,0.07455006,0.2415513,0.7584487,0.40100084,0.59899916,1
val,S02_AC08_F00061,entropy_adaptive_ratio,1,0.48423415,0.51576585,0.36292183,0.63707817,0.00071732,0.05491817,0.01289316,0.98710684,0.36448593,0.63551407,1
val,S02_AC08_F00091,entropy_adaptive_ratio,1,0.66571409,0.33428591,0.34162843,0.65837157,0.08075453,0.07363152,0.52306884,0.47693116,0.51114754,0.48885246,0
val,S02_AC08_F00121,entropy_adaptive_ratio,1,0.81380469,0.18619531,0.36566907,0.63433093,0.30655585,0.05271145,0.85328069,0.14671931,0.74805454,0.25194546,0
val,S02_AC09_F00001,entropy_adaptive_ratio,1,0.66266918,0.33733082,0.3056798,0.6943202,0.07775845,0.11187658,0.41004266,0.58995734,0.45206067,0.54793933,1
val,S02_AC09_F00031,entropy_adaptive_ratio,1,0.29563898,0.70436102,0.38682956,0.61317044,0.12410549,0.03727696,0.76901479,0.23098521,0.31670265,0.68329735,1
val,S02_AC09_F00061,entropy_adaptive_ratio,1,0.34847319,0.65152681,0.35655636,0.64344364,0.06730291,0.06021247,0.52780228,0.47219772,0.35229004,0.64770996,1
val,S02_AC09_F00091,entropy_adaptive_ratio,1,0.09134227,0.90865773,0.42245579,0.57754421,0.55906566,0.01742038,0.96978178,0.03021822,0.10134793,0.89865207,1
val,S03_AC01_F00001,entropy_adaptive_ratio,0,0.57804191,0.42195809,0.51757336,0.48242664,0.01764564,0.00089126,0.9519198,0.0480802,0.57513457,0.42486543,0
val,S03_AC01_F00031,entropy_adaptive_ratio,0,0.62459415,0.37540585,0.53705904,0.46294096,0.04526741,0.00396635,0.91943838,0.08056162,0.61754218,0.38245782,0
val,S03_AC01_F00061,entropy_adaptive_ratio,0,0.5999566,0.4000434,0.57154262,0.42845738,0.02902402,0.01481924,0.66199511,0.33800489,0.59035254,0.40964746,0
val,S03_AC01_F00091,entropy_adaptive_ratio,0,0.70857638,0.29142362,0.58021826,0.41978174,0.12944686,0.01864788,0.87408142,0.12591858,0.69241371,0.30758629,0
val,S03_AC01_F00121,entropy_adaptive_ratio,0,0.06131673,0.93868327,0.48568904,0.51431096,0.66735018,0.00059102,0.99911516,0.00088484,0.06169223,0.93830777,1
val,S03_AC05_F00001,entropy_adaptive_ratio,1,0.20485234,0.79514766,0.18584496,0.81415504,0.26847274,0.30730194,0.4662809,0.5337191,0.19470774,0.80529226,1
val,S03_AC05_F00031,entropy_adaptive_ratio,1,0.17705494,0.82294506,0.23981512,0.76018488,0.32640821,0.20526731,0.61392372,0.38607628,0.20128516,0.79871484,1
val,S03_AC05_F00061,entropy_adaptive_ratio,1,0.24632293,0.75367707,0.33953947,0.66046053,0.19460208,0.07562267,0.72014898,0.27985102,0.27240967,0.72759033,1
val,S03_AC05_F00091,entropy_adaptive_ratio,1,0.2646656,0.7353344,0.19098443,0.80901557,0.16629447,0.29647373,0.35934722,0.64065278,0.21746155,0.78253845,1
val,S03_AC05_F00121,entropy_adaptive_ratio,1,0.27407235,0.72592765,0.48472756,0.51527244,0.1527523,0.00067311,0.99561276,0.00438724,0.27499654,0.72500346,1
val,S03_AC06_F00001,entropy_adaptive_ratio,1,0.26647884,0.73352116,0.25156599,0.74843401,0.16363351,0.18624926,0.46768097,0.53231903,0.25854045,0.74145955,1
val,S03_AC06_F00031,entropy_adaptive_ratio,1,0.51627225,0.48372775,0.32692355,0.67307645,0.00076415,0.08824775,0.00858476,0.99141524,0.32854906,0.67145094,1
val,S03_AC06_F00061,entropy_adaptive_ratio,1,0.2428205,0.7571795,0.36088395,0.63911605,0.2003007,0.05658551,0.77972539,0.22027461,0.26882688,0.73117312,1
val,S03_AC06_F00091,entropy_adaptive_ratio,1,0.15341079,0.84658921,0.30009067,0.69990933,0.3816896,0.11859829,0.76293991,0.23706009,0.18818274,0.81181726,1
val,S03_AC06_F00121,entropy_adaptive_ratio,1,0.26883692,0.73116308,0.1858356,0.8141644,0.16020927,0.30732189,0.34267079,0.65732921,0.21427773,0.78572227,1
val,S03_AC07_F00001,entropy_adaptive_ratio,1,0.10434383,0.89565617,0.38451684,0.61548316,0.51738412,0.03883025,0.93018834,0.06981166,0.12390317,0.87609683,1
val,S03_AC07_F00031,entropy_adaptive_ratio,1,0.2609635,0.7390365,0.28589201,0.71410799,0.17180317,0.1366446,0.55699274,0.44300726,0.27200701,0.72799299,1
val,S03_AC07_F00061,entropy_adaptive_ratio,1,0.13651806,0.86348194,0.32054144,0.67945856,0.42495322,0.09503072,0.81724298,0.18275702,0.17014963,0.82985037,1
val,S03_AC07_F00091,entropy_adaptive_ratio,1,0.15055096,0.84944904,0.19159508,0.80840492,0.38878263,0.29520366,0.56840705,0.43159295,0.16826531,0.83173469,1
val,S03_AC07_F00121,entropy_adaptive_ratio,1,0.22086823,0.77913177,0.26712048,0.73287952,0.2382503,0.16269771,0.59421744,0.40578256,0.23963659,0.76036341,1
val,S03_AC07_F00151,entropy_adaptive_ratio,1,0.21324569,0.78675431,0.23004937,0.76995063,0.25235888,0.22190264,0.53210912,0.46789088,0.22110798,0.77889202,1
val,S03_AC07_F00181,entropy_adaptive_ratio,1,0.10639668,0.89360332,0.08916879,0.91083121,0.51104936,0.56631077,0.47435333,0.52564667,0.09734089,0.90265911,1
val,S03_AC08_F00001,entropy_adaptive_ratio,1,0.43296927,0.56703073,0.49675137,0.50324863,0.01300352,3.045e-05,0.99766368,0.00233632,0.43311829,0.56688171,1
val,S03_AC08_F00031,entropy_adaptive_ratio,1,0.20399803,0.79600197,0.44658834,0.55341166,0.27014755,0.00824718,0.97037593,0.02962407,0.21118454,0.78881546,1
val,S03_AC08_F00061,entropy_adaptive_ratio,1,0.1857118,0.8142882,0.46052361,0.53947639,0.30758581,0.00450123,0.98557699,0.01442301,0.18967541,0.81032459,1
val,S03_AC08_F00091,entropy_adaptive_ratio,1,0.1108259,0.8891741,0.44584656,0.55415344,0.4975979,0.0084783,0.98324698,0.01675302,0.1164385,0.8835615,1
val,S03_AC08_F00121,entropy_adaptive_ratio,1,0.68741521,0.31258479,0.42055225,0.57944775,0.10386535,0.01828984,0.85027371,0.14972629,0.64745881,0.35254119,0
val,S03_AC08_F00151,entropy_adaptive_ratio,1,0.54552978,0.45447022,0.43064672,0.56935328,0.00598959,0.01392322,0.30079094,0.69920906,0.4652025,0.5347975,1
val,S03_AC09_F00001,entropy_adaptive_ratio,1,0.17805916,0.82194084,0.50653389,0.49346611,0.32418725,0.00012319,0.99962016,0.00037984,0.17818393,0.82181607,1
val,S03_AC09_F00031,entropy_adaptive_ratio,1,0.45133567,0.54866433,0.4240821,0.5759179,0.00684406,0.01669452,0.29075925,0.70924075,0.43200633,0.56799367,1
val,S03_AC09_F00061,entropy_adaptive_ratio,1,0.20599931,0.79400069,0.51595357,0.48404643,0.26623434,0.0007345,0.99724873,0.00275127,0.20685208,0.79314792,1
val,S03_AC09_F00091,entropy_adaptive_ratio,1,0.05780309,0.94219691,0.48254299,0.51745701,0.68133842,0.00087949,0.99871083,0.00128917,0.05835066,0.94164934,1
val,S03_AC09_F00121,entropy_adaptive_ratio,1,0.19103873,0.80896127,0.45034367,0.54965633,0.29636065,0.0071264,0.97651829,0.02348171,0.19712765,0.80287235,1
val,S15_AC01_F00001,entropy_adaptive_ratio,0,0.42769206,0.57230794,0.523581,0.476419,0.01513911,0.00160506,0.90414244,0.09585756,0.43688374,0.56311626,1
val,S15_AC01_F00031,entropy_adaptive_ratio,0,0.76561508,0.23438492,0.54473501,0.45526499,0.21442276,0.00578203,0.97374247,0.02625753,0.75981531,0.24018469,0
val,S15_AC01_F00061,entropy_adaptive_ratio,0,0.84882228,0.15117772,0.52642068,0.47357932,0.38722028,0.00201509,0.99482295,0.00517705,0.84715319,0.15284681,0
val,S15_AC01_F00091,entropy_adaptive_ratio,0,0.74394268,0.25605732,0.54377744,0.45622256,0.17926166,0.00553683,0.97003854,0.02996146,0.73794543,0.26205457,0
val,S15_AC05_F00001,entropy_adaptive_ratio,1,0.47287297,0.52712703,0.3173849,0.6826151,0.00212433,0.09848507,0.02111464,0.97888536,0.32066797,0.67933203,1
val,S15_AC05_F00031,entropy_adaptive_ratio,1,0.50201303,0.49798697,0.29839402,0.70160598,1.169e-05,0.1206811,9.688e-05,0.99990312,0.29841375,0.70158625,1
val,S15_AC05_F00061,entropy_adaptive_ratio,1,0.31347775,0.68652225,0.38100529,0.61899471,0.10285278,0.04125107,0.71374068,0.28625932,0.33280814,0.66719186,1
val,S15_AC06_F00001,entropy_adaptive_ratio,1,0.06831783,0.93168217,0.38254297,0.61745703,0.64038547,0.04018174,0.94095845,0.05904155,0.08687017,0.91312983,1
val,S15_AC06_F00031,entropy_adaptive_ratio,1,0.21439666,0.78560334,0.52927709,0.47072291,0.25019684,0.00247462,0.99020617,0.00979383,0.21748054,0.78251946,1
val,S15_AC06_F00061,entropy_adaptive_ratio,1,0.31117791,0.68882209,0.42039716,0.57960284,0.10547152,0.01836163,0.85172284,0.14827716,0.32737263,0.67262737,1
val,S15_AC06_F00091,entropy_adaptive_ratio,1,0.29592365,0.70407635,0.48795921,0.51204079,0.12374923,0.00041837,0.99663063,0.00336937,0.29657069,0.70342931,1
val,S15_AC07_F00001,entropy_adaptive_ratio,1,0.04968977,0.95031023,0.15847164,0.84152836,0.71492234,0.36935933,0.65935113,0.34064887,0.08674619,0.91325381,1
val,S15_AC07_F00031,entropy_adaptive_ratio,1,0.14708722,0.85291278,0.30258709,0.69741291,0.3974972,0.11556961,0.77474744,0.22525256,0.18211396,0.81788604,1
val,S15_AC07_F00061,entropy_adaptive_ratio,1,0.2935403,0.7064597,0.2827943,0.7172057,0.12674932,0.14076965,0.47379564,0.52620436,0.28788571,0.71211429,1
val,S15_AC08_F00001,entropy_adaptive_ratio,1,0.13609153,0.86390847,0.38194585,0.61805415,0.42608936,0.04059527,0.91301348,0.08698652,0.15747754,0.84252246,1
val,S15_AC08_F00031,entropy_adaptive_ratio,1,0.14326435,0.85673565,0.52982584,0.47017416,0.40727557,0.00256831,0.99373344,0.00626656,0.14568676,0.85431324,1
val,S15_AC08_F00061,entropy_adaptive_ratio,1,0.14593053,0.85406947,0.48134959,0.51865041,0.40043795,0.00100388,0.99749931,0.00250069,0.14676931,0.85323069,1
val,S15_AC08_F00091,entropy_adaptive_ratio,1,0.1046809,0.8953191,0.46886653,0.53113347,0.51633955,0.0027986,0.99460914,0.00539086,0.10664417,0.89335583,1
val,S15_AC08_F00121,entropy_adaptive_ratio,1,0.22036183,0.77963817,0.39285439,0.60714561,0.23917236,0.03338309,0.87751815,0.12248184,0.24148904,0.75851096,1
val,S15_AC09_F00001,entropy_adaptive_ratio,1,0.34426057,0.65573943,0.46467966,0.53532034,0.07116245,0.0036026,0.95181438,0.04818562,0.35006304,0.64993696,1
val,S15_AC09_F00031,entropy_adaptive_ratio,1,0.08884579,0.91115421,0.29297036,0.70702964,0.56739457,0.12747259,0.81655113,0.18344887,0.12629221,0.87370779,1
val,S15_AC09_F00061,entropy_adaptive_ratio,1,0.1583432,0.8416568,0.1314671,0.8685329,0.36966882,0.43855196,0.45738594,0.54261406,0.14375985,0.85624015,1
val,S15_AC09_F00091,entropy_adaptive_ratio,1,0.21455586,0.78544414,0.33773071,0.66226929,0.24989868,0.07736943,0.76359008,0.23640992,0.24367562,0.75632438,1
val,S15_AC09_F00121,entropy_adaptive_ratio,1,0.16415942,0.83584058,0.33380049,0.66619951,0.35583201,0.08123771,0.814131,0.185869,0.19569043,0.80430957,1
val,S20_AC01_F00001,entropy_adaptive_ratio,0,0.43050981,0.56949019,0.23013008,0.76986992,0.01397843,0.22176201,0.05929584,0.94070416,0.24201176,0.75798824,1
val,S20_AC01_F00031,entropy_adaptive_ratio,0,0.43107224,0.56892776,0.28488731,0.71511269,0.01375235,0.13797505,0.09063853,0.90936147,0.2981373,0.7018627,1
val,S20_AC01_F00061,entropy_adaptive_ratio,0,0.32538718,0.67461282,0.32195646,0.67804354,0.08985611,0.09350364,0.49005361,0.50994639,0.32363769,0.67636231,1
val,S20_AC01_F00091,entropy_adaptive_ratio,0,0.37847173,0.62152827,0.29492539,0.70507461,0.0430445,0.12500101,0.25614788,0.74385212,0.31632561,0.68367439,1
val,S20_AC05_F00001,entropy_adaptive_ratio,1,0.22581059,0.77418941,0.2405175,0.7594825,0.22936358,0.2041002,0.52914128,0.47085872,0.23273546,0.76726454,1
val,S20_AC05_F00031,entropy_adaptive_ratio,1,0.32379484,0.67620516,0.3688584,0.6311416,0.09153943,0.0502085,0.64579027,0.35420973,0.33975679,0.66024321,1
val,S20_AC05_F00061,entropy_adaptive_ratio,1,0.31867814,0.68132186,0.35586733,0.64413267,0.09706181,0.0608008,0.6148499,0.3851501,0.33300156,0.66699844,1
val,S20_AC05_F00091,entropy_adaptive_ratio,1,0.30500144,0.69499856,0.49969685,0.50030315,0.11268104,2.7e-07,0.99999765,2.35e-06,0.3050019,0.6949981,1
val,S20_AC05_F00121,entropy_adaptive_ratio,1,0.2617709,0.7382291,0.36342424,0.63657576,0.17059305,0.05451109,0.75784056,0.24215944,0.28638722,0.71361278,1
val,S20_AC06_F00001,entropy_adaptive_ratio,1,0.30847323,0.69152677,0.22768617,0.77231383,0.1085968,0.22604409,0.32451744,0.67548256,0.25390298,0.74609702,1
val,S20_AC06_F00031,entropy_adaptive_ratio,1,0.26219398,0.73780602,0.24015528,0.75984472,0.1699609,0.20470159,0.45363735,0.54636265,0.25015286,0.74984714,1
val,S20_AC06_F00061,entropy_adaptive_ratio,1,0.1662547,0.8337453,0.26657331,0.73342669,0.35093502,0.16349554,0.68218152,0.31781848,0.19813781,0.80186219,1
val,S20_AC06_F00091,entropy_adaptive_ratio,1,0.20768803,0.79231197,0.23490411,0.76509589,0.2629598,0.21353721,0.55186034,0.44813966,0.21988464,0.78011536,1
val,S20_AC06_F00121,entropy_adaptive_ratio,1,0.11614162,0.88385838,0.30649698,0.69350302,0.48183259,0.11091165,0.81288448,0.18711552,0.15176006,0.84823994,1
val,S20_AC07_F00001,entropy_adaptive_ratio,1,0.25442511,0.74557489,0.25530541,0.74469459,0.18178329,0.18042078,0.50188085,0.49811915,0.2548636,0.7451364,1
val,S20_AC07_F00031,entropy_adaptive_ratio,1,0.33113569,0.66886431,0.26367885,0.73632115,0.0839175,0.16775278,0.33344224,0.66655776,0.28617181,0.71382819,1
val,S20_AC07_F00061,entropy_adaptive_ratio,1,0.22992194,0.77007806,0.2099309,0.7900691,0.2221248,0.25864937,0.46201484,0.53798516,0.21916705,0.78083295,1
val,S20_AC07_F00091,entropy_adaptive_ratio,1,0.14408177,0.85591823,0.19948578,0.80051422,0.40517042,0.27910154,0.59211898,0.40788102,0.16668001,0.83331999,1
val,S20_AC07_F00121,entropy_adaptive_ratio,1,0.2282961,0.7717039,0.24473375,0.75526625,0.22497082,0.19717588,0.53292094,0.46707906,0.23597378,0.76402622,1
val,S20_AC07_F00151,entropy_adaptive_ratio,1,0.2489484,0.7510516,0.27087629,0.72912371,0.19039289,0.15728075,0.54761956,0.45238044,0.25886815,0.74113185,1
val,S20_AC08_F00001,entropy_adaptive_ratio,1,0.25671667,0.74328333,0.23470861,0.76529139,0.17824875,0.21387041,0.45457801,0.54542199,0.24471299,0.75528701,1
val,S20_AC08_F00031,entropy_adaptive_ratio,1,0.20687205,0.79312795,0.30443943,0.69556057,0.26453893,0.11334989,0.70004434,0.29995566,0.23613793,0.76386207,1
val,S20_AC08_F00061,entropy_adaptive_ratio,1,0.26748323,0.73251677,0.22548085,0.77451915,0.16216999,0.22995015,0.4135722,0.5864278,0.24285187,0.75714813,1
val,S20_AC08_F00091,entropy_adaptive_ratio,1,0.16126621,0.83873379,0.29858923,0.70141077,0.36266986,0.12044046,0.75069781,0.24930219,0.19550114,0.80449886,1
val,S20_AC08_F00121,entropy_adaptive_ratio,1,0.28449136,0.71550864,0.34853488,0.65146512,0.13850134,0.06724723,0.67315822,0.32684178,0.30542346,0.69457654,1
val,S20_AC08_F00151,entropy_adaptive_ratio,1,0.41171789,0.58828211,0.24209392,0.75790608,0.02260628,0.20149491,0.10087532,0.89912468,0.25920479,0.74079521,1
val,S20_AC09_F00001,entropy_adaptive_ratio,1,0.03208786,0.96791214,0.29669386,0.70330614,0.79524333,0.12278813,0.86624845,0.13375155,0.06747932,0.93252068,1
val,S20_AC09_F00031,entropy_adaptive_ratio,1,0.11337268,0.88662732,0.25527853,0.74472147,0.48999408,0.1804623,0.73083663,0.26916337,0.15156854,0.84843146,1
val,S20_AC09_F00061,entropy_adaptive_ratio,1,0.07706815,0.92293185,0.27644807,0.72355193,0.60823657,0.1494342,0.80277159,0.19722841,0.11639153,0.88360847,1
val,S20_AC09_F00091,entropy_adaptive_ratio,1,0.09335369,0.90664631,0.32923126,0.67076874,0.55243398,0.08586097,0.86548386,0.13451614,0.12508303,0.87491697,1
val,S20_AC09_F00121,entropy_adaptive_ratio,1,0.06422561,0.93577439,0.37976533,0.62023467,0.6560045,0.04212389,0.93966169,0.06033831,0.08326475,0.91673525,1
val,S22_AC01_F00001,entropy_adaptive_ratio,0,0.17739642,0.82260358,0.29784167,0.70215833,0.32565188,0.12136345,0.72850271,0.27149729,0.21009698,0.78990302,1
val,S22_AC01_F00031,entropy_adaptive_ratio,0,0.21057469,0.78942531,0.53888834,0.46111166,0.2574202,0.00436799,0.98331478,0.01668522,0.21605267,0.78394733,1
val,S22_AC01_F00061,entropy_adaptive_ratio,0,0.59153557,0.40846443,0.44786912,0.55213088,0.02431288,0.00785569,0.75579617,0.24420383,0.55645167,0.44354833,0
val,S22_AC01_F00091,entropy_adaptive_ratio,0,0.09877402,0.90122598,0.51344144,0.48655856,0.53490277,0.00052137,0.99902624,0.00097376,0.0991778,0.9008222,1
val,S22_AC05_F00001,entropy_adaptive_ratio,1,0.29599261,0.70400739,0.38361657,0.61638343,0.12366301,0.03944371,0.75817239,0.24182761,0.3171825,0.6828175,1
val,S22_AC05_F00031,entropy_adaptive_ratio,1,0.25886011,0.74113989,0.41050565,0.58949435,0.17497861,0.02323478,0.88277896,0.11722104,0.27663616,0.72336384,1
val,S22_AC05_F00061,entropy_adaptive_ratio,1,0.19453841,0.80546159,0.39563626,0.60436374,0.28913049,0.03165933,0.90130817,0.09869183,0.21438513,0.78561487,1
val,S22_AC05_F00091,entropy_adaptive_ratio,1,0.35463279,0.64536721,0.34554076,0.65445924,0.06186238,0.0699776,0.46922324,0.53077676,0.34980696,0.65019304,1
val,S22_AC06_F00001,entropy_adaptive_ratio,1,0.61079261,0.38920739,0.46271348,0.53728652,0.03571385,0.00401524,0.89893453,0.10106547,0.59582692,0.40417308,0
val,S22_AC06_F00031,entropy_adaptive_ratio,1,0.66583097,0.33416903,0.28226084,0.71773916,0.08087074,0.1414869,0.36369668,0.63630332,0.42176402,0.57823598,1
val,S22_AC06_F00061,entropy_adaptive_ratio,1,0.44306719,0.55693281,0.33899939,0.66100061,0.00937286,0.07614203,0.10960499,0.89039501,0.35040574,0.64959426,1
val,S22_AC06_F00091,entropy_adaptive_ratio,1,0.45017993,0.54982007,0.4047026,0.5952974,0.00717355,0.02636494,0.21389002,0.78610998,0.41442975,0.58557025,1
val,S22_AC06_F00121,entropy_adaptive_ratio,1,0.41615212,0.58384788,0.37193149,0.62806851,0.0203818,0.04785639,0.29868615,0.70131385,0.38513958,0.61486042,1
val,S22_AC07_F00001,entropy_adaptive_ratio,1,0.25849527,0.74150473,0.19781274,0.80218726,0.17553278,0.28246806,0.38325865,0.61674135,0.22106984,0.77893016,1
val,S22_AC07_F00031,entropy_adaptive_ratio,1,0.290353,0.709647,0.13235605,0.86764395,0.1308232,0.43613557,0.23074552,0.76925448,0.16881314,0.83118686,1
val,S22_AC07_F00061,entropy_adaptive_ratio,1,0.1784659,0.8215341,0.21690422,0.78309578,0.32329051,0.24552572,0.56835669,0.43164331,0.19505755,0.80494245,1
val,S22_AC07_F00091,entropy_adaptive_ratio,1,0.12922233,0.87077767,0.27669251,0.72330749,0.44469843,0.14909511,0.74891085,0.25108915,0.16625049,0.83374951,1
val,S22_AC07_F00121,entropy_adaptive_ratio,1,0.12713844,0.87286156,0.17324543,0.82675457,0.45046222,0.33492463,0.57355458,0.42644542,0.14680055,0.85319945,1
val,S22_AC08_F00001,entropy_adaptive_ratio,1,0.20390099,0.79609901,0.40074456,0.59925544,0.2703382,0.02861553,0.90428106,0.09571894,0.22274265,0.77725735,1
val,S22_AC08_F00031,entropy_adaptive_ratio,1,0.44227308,0.55772692,0.56936207,0.43063793,0.00963674,0.01392676,0.40896894,0.59103106,0.51738662,0.48261338,0
val,S22_AC08_F00061,entropy_adaptive_ratio,1,0.21483946,0.78516054,0.33562273,0.66437727,0.24936808,0.07943177,0.75841909,0.24158091,0.24401839,0.75598161,1
val,S22_AC08_F00091,entropy_adaptive_ratio,1,0.198524,0.801476,0.32607698,0.67392302,0.28103375,0.08913207,0.75921043,0.24078957,0.22923743,0.77076257,1
val,S22_AC09_F00001,entropy_adaptive_ratio,1,0.50634426,0.49365574,0.45315826,0.54684174,0.00011614,0.00634027,0.01798817,0.98201183,0.45411498,0.54588502,1
val,S22_AC09_F00031,entropy_adaptive_ratio,1,0.18819612,0.81180388,0.47553962,0.52446038,0.3023174,0.00172705,0.99431976,0.00568024,0.1898283,0.8101717,1
val,S22_AC09_F00061,entropy_adaptive_ratio,1,0.33582383,0.66417617,0.36237806,0.63762194,0.07923377,0.05536053,0.58868594,0.41131406,0.34674596,0.65325404,1
val,S22_AC09_F00091,entropy_adaptive_ratio,1,0.13719541,0.86280459,0.41146952,0.58853048,0.42315355,0.02273434,0.94901333,0.05098667,0.15117973,0.84882027,1
val,S22_AC09_F00121,entropy_adaptive_ratio,1,0.25038248,0.74961752,0.34677327,0.65322673,0.18811622,0.06884675,0.7320752,0.2679248,0.27620796,0.72379204,1
val,S22_AC09_F00151,entropy_adaptive_ratio,1,0.18115914,0.81884086,0.32859468,0.67140532,0.31739375,0.08651588,0.78580387,0.21419613,0.21273926,0.78726074,1
val,S27_AC01_F00001,entropy_adaptive_ratio,0,0.58585119,0.41414881,0.47768545,0.52231455,0.02137231,0.00143723,0.93699012,0.06300988,0.57903568,0.42096432,0
val,S27_AC01_F00031,entropy_adaptive_ratio,0,0.59759665,0.40240335,0.53237405,0.46762595,0.02766088,0.00302623,0.90138421,0.09861579,0.59116467,0.40883533,0
val,S27_AC01_F00061,entropy_adaptive_ratio,0,0.04800183,0.95199817,0.18385166,0.81614834,0.72215256,0.31156906,0.69859481,0.30140519,0.08894767,0.91105233,1
val,S27_AC05_F00001,entropy_adaptive_ratio,1,0.17804211,0.82195789,0.36144984,0.63855016,0.32422487,0.05611991,0.85244989,0.14755011,0.20510394,0.79489606,1
val,S27_AC05_F00031,entropy_adaptive_ratio,1,0.16065407,0.83934593,0.34615612,0.65384388,0.364128,0.06941178,0.83989524,0.16010476,0.19035383,0.80964617,1
val,S27_AC05_F00061,entropy_adaptive_ratio,1,0.28404492,0.71595508,0.36976117,0.63023883,0.13909607,0.04951146,0.73748947,0.26251053,0.30654634,0.69345366,1
val,S27_AC05_F00091,entropy_adaptive_ratio,1,0.17384034,0.82615966,0.35265511,0.64734489,0.33358509,0.06358303,0.83990903,0.16009097,0.20246697,0.79753303,1
val,S27_AC06_F00001,entropy_adaptive_ratio,1,0.06831819,0.93168181,0.35454226,0.64545774,0.64038412,0.06194062,0.9118063,0.0881937,0.09356135,0.90643865,1
val,S27_AC06_F00031,entropy_adaptive_ratio,1,0.1278674,0.8721326,0.32642496,0.67357504,0.44843962,0.08876801,0.83476034,0.16523966,0.16067698,0.83932302,1
val,S27_AC06_F00061,entropy_adaptive_ratio,1,0.12353772,0.87646228,0.23570836,0.76429164,0.46055485,0.21216971,0.68461132,0.31538868,0.15891507,0.84108493,1
val,S27_AC07_F00001,entropy_adaptive_ratio,1,0.38415474,0.61584526,0.40686643,0.59313357,0.03907639,0.02517424,0.60818686,0.39181314,0.39305348,0.60694652,1
val,S27_AC07_F00031,entropy_adaptive_ratio,1,0.09318501,0.90681499,0.32595021,0.67404979,0.55298746,0.0892649,0.86101273,0.13898727,0.12553641,0.87446359,1
val,S27_AC07_F00061,entropy_adaptive_ratio,1,0.11053371,0.88946629,0.27900958,0.72099042,0.49847629,0.14590222,0.77357684,0.22642316,0.14868055,0.85131945,1
val,S27_AC07_F00091,entropy_adaptive_ratio,1,0.20713693,0.79286307,0.31024462,0.68975538,0.26402568,0.10654437,0.7124852,0.2875148,0.23678192,0.76321808,1
val,S27_AC08_F00001,entropy_adaptive_ratio,1,0.27102357,0.72897643,0.24457246,0.75542754,0.15707043,0.19743821,0.44306518,0.55693482,0.25629203,0.74370797,1
val,S27_AC08_F00031,entropy_adaptive_ratio,1,0.16891831,0.83108169,0.39144325,0.60855675,0.34477566,0.03427538,0.90957581,0.09042419,0.18903995,0.81096005,1
val,S27_AC08_F00061,entropy_adaptive_ratio,1,0.13581318,0.86418682,0.43692207,0.56307793,0.42683202,0.01151111,0.9737395,0.0262605,0.14372045,0.85627955,1
val,S27_AC08_F00091,entropy_adaptive_ratio,1,0.18572116,0.81427884,0.27689487,0.72310513,0.30756586,0.14881473,0.67392406,0.32607594,0.21545071,0.78454929,1
val,S27_AC09_F00001,entropy_adaptive_ratio,1,0.17295003,0.82704997,0.15858501,0.84141499,0.33559109,0.36908632,0.47623365,0.52376635,0.16542612,0.83457388,1
val,S27_AC09_F00031,entropy_adaptive_ratio,1,0.07145995,0.92854005,0.23564607,0.76435393,0.62865157,0.21227544,0.74756972,0.25243028,0.1129055,0.8870945,1
val,S27_AC09_F00061,entropy_adaptive_ratio,1,0.19627929,0.80372071,0.25729233,0.74270767,0.28557604,0.17736709,0.61687067,0.38312933,0.21965517,0.78034483,1
val,S27_AC09_F00091,entropy_adaptive_ratio,1,0.11681533,0.88318467,0.38352901,0.61647099,0.47986319,0.03950364,0.92393886,0.07606114,0.13710188,0.86289812,1
val,S41_AC01_F00001,entropy_adaptive_ratio,0,0.31344563,0.68655437,0.27328908,0.72671092,0.10288911,0.15385523,0.4007454,0.5992546,0.28938163,0.71061837,1
val,S41_AC01_F00031,entropy_adaptive_ratio,0,0.4465943,0.5534057,0.27288538,0.72711462,0.00824534,0.15442542,0.05068729,0.94931271,0.28169022,0.71830978,1
val,S41_AC01_F00061,entropy_adaptive_ratio,0,0.75925405,0.24074595,0.39279604,0.60720396,0.20372144,0.03341975,0.85907234,0.14092766,0.70760998,0.29239002,0
val,S41_AC01_F00091,entropy_adaptive_ratio,0,0.53722554,0.46277446,0.20470935,0.79529065,0.00400211,0.26875261,0.01467291,0.98532709,0.20958833,0.79041167,1
val,S41_AC01_F00121,entropy_adaptive_ratio,0,0.51069281,0.48930719,0.24838281,0.75161719,0.00032993,0.19129514,0.00172174,0.99827826,0.24883444,0.75116556,1
val,S41_AC05_F00001,entropy_adaptive_ratio,1,0.54098952,0.45901048,0.2425108,0.7574892,0.00485331,0.20080923,0.0235984,0.9764016,0.24955441,0.75044559,1
val,S41_AC05_F00031,entropy_adaptive_ratio,1,0.4691956,0.5308044,0.21067935,0.78932065,0.00273971,0.25722071,0.01053896,0.98946104,0.21340384,0.78659616,1
val,S41_AC05_F00061,entropy_adaptive_ratio,1,0.10973316,0.89026684,0.26773542,0.73226458,0.50088942,0.16180369,0.75583918,0.24416082,0.14831112,0.85168888,1
val,S41_AC05_F00091,entropy_adaptive_ratio,1,0.17786139,0.82213861,0.13699162,0.86300838,0.32462385,0.42369442,0.43380453,0.56619547,0.15472111,0.84527889,1
val,S41_AC05_F00121,entropy_adaptive_ratio,1,0.11227864,0.88772136,0.16815144,0.83184856,0.493249,0.34654147,0.5873477,0.4126523,0.13533468,0.86466532,1
val,S41_AC06_F00001,entropy_adaptive_ratio,1,0.5894331,0.4105669,0.17916501,0.82083499,0.02320282,0.32175302,0.06726315,0.93273685,0.20676093,0.79323907,1
val,S41_AC06_F00031,entropy_adaptive_ratio,1,0.24542898,0.75457102,0.3066752,0.6933248,0.19604749,0.11070181,0.63911308,0.36088692,0.26753194,0.73246806,1
val,S41_AC06_F00061,entropy_adaptive_ratio,1,0.29268748,0.70731252,0.23642135,0.76357865,0.12783242,0.21096172,0.37731592,0.62268408,0.25765145,0.74234855,1
val,S41_AC06_F00091,entropy_adaptive_ratio,1,0.24267626,0.75732374,0.2141673,0.7858327,0.20053745,0.25062677,0.44448881,0.55551119,0.22683921,0.77316079,1
val,S41_AC06_F00121,entropy_adaptive_ratio,1,0.10929829,0.89070171,0.18227559,0.81772441,0.50220425,0.31497003,0.61456199,0.38543801,0.13742652,0.86257348,1
val,S41_AC06_F00151,entropy_adaptive_ratio,1,0.46552151,0.53447849,0.26625609,0.73374391,0.00343278,0.16395908,0.02050743,0.97949257,0.27034252,0.72965748,1
val,S41_AC07_F00001,entropy_adaptive_ratio,1,0.20674682,0.79325318,0.31003666,0.68996334,0.26478179,0.10678423,0.71261035,0.28738965,0.23643125,0.76356875,1
val,S41_AC07_F00031,entropy_adaptive_ratio,1,0.24315721,0.75684279,0.16120899,0.83879101,0.1997487,0.36280599,0.35507427,0.64492573,0.19030669,0.80969331,1
val,S41_AC07_F00061,entropy_adaptive_ratio,1,0.18747747,0.81252253,0.14733642,0.85266358,0.30383541,0.39686563,0.43361632,0.56638368,0.16474224,0.83525776,1
val,S41_AC07_F00091,entropy_adaptive_ratio,1,0.35790139,0.64209861,0.0982281,0.9017719,0.05907261,0.5366465,0.09916185,0.90083815,0.12397778,0.87602222,1
val,S41_AC07_F00121,entropy_adaptive_ratio,1,0.17441976,0.82558024,0.13706911,0.86293089,0.33228387,0.4234887,0.43966119,0.56033881,0.15349074,0.84650926,1
val,S41_AC08_F00001,entropy_adaptive_ratio,1,0.48291123,0.51708877,0.28176045,0.71823955,0.00084277,0.14216152,0.00589334,0.99410666,0.2829459,0.7170541,1
val,S41_AC08_F00031,entropy_adaptive_ratio,1,0.1915077,0.8084923,0.34558034,0.65441966,0.29538519,0.06994113,0.80855162,0.19144838,0.22100466,0.77899534,1
val,S41_AC08_F00061,entropy_adaptive_ratio,1,0.35789537,0.64210463,0.28538531,0.71461469,0.05907769,0.1373147,0.30081456,0.69918544,0.30719739,0.69280261,1
val,S41_AC08_F00091,entropy_adaptive_ratio,1,0.341223,0.658777,0.19592422,0.80407578,0.07401577,0.28629874,0.2054199,0.7945801,0.22577148,0.77422852,1
val,S41_AC08_F00121,entropy_adaptive_ratio,1,0.30209273,0.69790727,0.21481109,0.78518891,0.11616599,0.24942113,0.31775186,0.68224814,0.24254499,0.75745501,1
val,S41_AC09_F00001,entropy_adaptive_ratio,1,0.34434074,0.65565926,0.4356032,0.5643968,0.07108795,0.01199886,0.85558643,0.14441357,0.35752028,0.64247972,1
val,S41_AC09_F00031,entropy_adaptive_ratio,1,0.51120335,0.48879665,0.20874834,0.79125166,0.00036219,0.26091658,0.00138622,0.99861378,0.20916761,0.79083239,1
val,S41_AC09_F00061,entropy_adaptive_ratio,1,0.29898942,0.70101058,0.23226422,0.76773578,0.11994794,0.21806249,0.35486462,0.64513538,0.25594263,0.74405737,1
val,S41_AC09_F00091,entropy_adaptive_ratio,1,0.50443357,0.49556643,0.27280849,0.72719151,5.672e-05,0.15453416,0.00036689,0.99963311,0.27289347,0.72710653,1
val,S41_AC09_F00121,entropy_adaptive_ratio,1,0.14518434,0.85481566,0.23151654,0.76848346,0.40234327,0.21935438,0.64716872,0.35283128,0.17564504,0.82435496,1
val,S41_AC09_F00151,entropy_adaptive_ratio,1,0.43924999,0.56075001,0.26867771,0.73132229,0.01067507,0.16043917,0.06238564,0.93761436,0.27931897,0.72068103,1
val,S41_AC09_F00181,entropy_adaptive_ratio,1,0.0672695,0.9327305,0.32118481,0.67881519,0.64434965,0.09433475,0.87229356,0.12770644,0.09969612,0.90030388,1
val,S41_AC09_F00211,entropy_adaptive_ratio,1,0.32326186,0.67673814,0.23652625,0.76347375,0.0921066,0.21078432,0.30409165,0.69590835,0.26290182,0.73709818,1
val,S01_AC01_F00001,maxprob_adaptive_ratio,0,0.67851746,0.32148254,0.54759353,0.45240647,0.67851746,0.54759353,0.55338992,0.44661008,0.62004551,0.37995449,0
val,S01_AC01_F00031,maxprob_adaptive_ratio,0,0.64711916,0.35288084,0.54346159,0.45653841,0.64711916,0.54346159,0.54353236,0.45646764,0.59980284,0.40019716,0
val,S01_AC01_F00061,maxprob_adaptive_ratio,0,0.59691387,0.40308613,0.57989475,0.42010525,0.59691387,0.57989475,0.50723105,0.49276895,0.58852738,0.41147262,0
val,S01_AC01_F00091,maxprob_adaptive_ratio,0,0.69248837,0.30751163,0.58147436,0.41852564,0.69248837,0.58147436,0.54357035,0.45642965,0.64181829,0.35818171,0
val,S01_AC05_F00001,maxprob_adaptive_ratio,1,0.17066455,0.82933545,0.4904235,0.5095765,0.82933545,0.5095765,0.61941,0.38059,0.29236161,0.70763839,1
val,S01_AC05_F00031,maxprob_adaptive_ratio,1,0.26763594,0.73236406,0.48675776,0.51324224,0.73236406,0.51324224,0.58795789,0.41204211,0.35792336,0.64207664,1
val,S01_AC05_F00061,maxprob_adaptive_ratio,1,0.1711399,0.8288601,0.39579391,0.60420609,0.8288601,0.60420609,0.57838229,0.42161771,0.26585801,0.73414199,1
val,S01_AC06_F00001,maxprob_adaptive_ratio,1,0.048554,0.951446,0.29191679,0.70808321,0.951446,0.70808321,0.57332284,0.42667716,0.15239135,0.84760865,1
val,S01_AC06_F00031,maxprob_adaptive_ratio,1,0.29440004,0.70559996,0.30750668,0.69249332,0.70559996,0.69249332,0.50468733,0.49531267,0.30089192,0.69910808,1
val,S01_AC06_F00061,maxprob_adaptive_ratio,1,0.35658914,0.64341086,0.41916943,0.58083057,0.64341086,0.58083057,0.5255588,0.4744412,0.38627981,0.61372019,1
val,S01_AC06_F00091,maxprob_adaptive_ratio,1,0.35133362,0.64866638,0.48369378,0.51630622,0.64866638,0.51630622,0.55680827,0.44319173,0.40999455,0.59000545,1
val,S01_AC07_F00001,maxprob_adaptive_ratio,1,0.33459806,0.66540194,0.29282415,0.70717585,0.66540194,0.70717585,0.48478268,0.51521732,0.31307542,0.68692458,1
val,S01_AC07_F00031,maxprob_adaptive_ratio,1,0.18035942,0.81964058,0.28041667,0.71958333,0.81964058,0.71958333,0.5325025,0.4674975,0.22713593,0.77286407,1
val,S01_AC07_F00061,maxprob_adaptive_ratio,1,0.1419605,0.8580395,0.17343062,0.82656938,0.8580395,0.82656938,0.50934048,0.49065952,0.15740162,0.84259838,1
val,S01_AC07_F00091,maxprob_adaptive_ratio,1,0.24318343,0.75681657,0.32533288,0.67466712,0.75681657,0.67466712,0.52869381,0.47130619,0.28190098,0.71809902,1
val,S01_AC08_F00001,maxprob_adaptive_ratio,1,0.2022413,0.7977587,0.49428904,0.50571096,0.7977587,0.50571096,0.61202706,0.38797294,0.31554792,0.68445208,1
val,S01_AC08_F00031,maxprob_adaptive_ratio,1,0.18095696,0.81904304,0.37091947,0.62908053,0.81904304,0.62908053,0.56558919,0.43441081,0.26347873,0.73652127,1
val,S01_AC08_F00061,maxprob_adaptive_ratio,1,0.24371243,0.75628757,0.4834218,0.5165782,0.75628757,0.5165782,0.59416129,0.40583871,0.34099577,0.65900423,1
val,S01_AC08_F00091,maxprob_adaptive_ratio,1,0.11862838,0.88137162,0.54537871,0.45462129,0.88137162,0.54537871,0.61774762,0.38225238,0.28175471,0.71824529,1
val,S01_AC09_F00001,maxprob_adaptive_ratio,1,0.28115386,0.71884614,0.4552753,0.5447247,0.71884614,0.5447247,0.56890054,0.43109946,0.35621752,0.64378248,1
val,S01_AC09_F00031,maxprob_adaptive_ratio,1,0.15888745,0.84111255,0.37530893,0.62469107,0.84111255,0.62469107,0.57382349,0.42617651,0.2511212,0.7488788,1
val,S01_AC09_F00061,maxprob_adaptive_ratio,1,0.18695241,0.81304759,0.42480898,0.57519102,0.81304759,0.57519102,0.58566847,0.41433153,0.28550389,0.71449611,1
val,S02_AC01_F00001,maxprob_adaptive_ratio,0,0.14110088,0.85889912,0.43799675,0.56200325,0.85889912,0.56200325,0.60447441,0.39552559,0.2585308,0.7414692,1
val,S02_AC01_F00031,maxprob_adaptive_ratio,0,0.54876789,0.45123211,0.39342874,0.60657126,0.54876789,0.60657126,0.47498424,0.52501576,0.46721239,0.53278761,1
val,S02_AC01_F00061,maxprob_adaptive_ratio,0,0.5368236,0.4631764,0.50433934,0.49566066,0.5368236,0.50433934,0.51559999,0.48440001,0.52108822,0.47891178,0
val,S02_AC01_F00091,maxprob_adaptive_ratio,0,0.56200248,0.43799752,0.42692453,0.57307547,0.56200248,0.57307547,0.49512236,0.50487764,0.49380464,0.50619536,1
val,S02_AC01_F00121,maxprob_adaptive_ratio,0,0.53464293,0.46535707,0.53413516,0.46586484,0.53464293,0.53413516,0.50023755,0.49976245,0.53438917,0.46561083,0
val,S02_AC05_F00001,maxprob_adaptive_ratio,1,0.77406563,0.22593437,0.47624755,0.52375245,0.77406563,0.52375245,0.59643616,0.40356384,0.65387702,0.34612298,0
val,S02_AC05_F00031,maxprob_adaptive_ratio,1,0.51017526,0.48982474,0.46392202,0.53607798,0.51017526,0.53607798,0.4876212,0.5123788,0.48647608,0.51352392,1
val,S02_AC05_F00061,maxprob_adaptive_ratio,1,0.45391482,0.54608518,0.4554261,0.5445739,0.54608518,0.5445739,0.50069283,0.49930717,0.45466941,0.54533059,1
val,S02_AC05_F00091,maxprob_adaptive_ratio,1,0.45269608,0.54730392,0.41484332,0.58515668,0.54730392,0.58515668,0.48328738,0.51671262,0.43313708,0.56686292,1
val,S02_AC05_F00121,maxprob_adaptive_ratio,1,0.4708029,0.5291971,0.3518669,0.6481331,0.5291971,0.6481331,0.44948911,0.55051089,0.40532734,0.59467266,1
val,S02_AC05_F00151,maxprob_adaptive_ratio,1,0.42045677,0.57954323,0.44043976,0.55956024,0.57954323,0.55956024,0.50877137,0.49122863,0.43027299,0.56972701,1
val,S02_AC05_F00181,maxprob_adaptive_ratio,1,0.47235471,0.52764529,0.34358537,0.65641463,0.52764529,0.65641463,0.44562381,0.55437619,0.40096805,0.59903195,1
val,S02_AC06_F00001,maxprob_adaptive_ratio,1,0.64565456,0.35434544,0.56597331,0.43402669,0.64565456,0.56597331,0.5328819,0.4671181,0.60843401,0.39156599,0
val,S02_AC06_F00031,maxprob_adaptive_ratio,1,0.51187447,0.48812553,0.47003549,0.52996451,0.51187447,0.52996451,0.49131822,0.50868178,0.49059174,0.50940826,1
val,S02_AC06_F00061,maxprob_adaptive_ratio,1,0.63964009,0.36035991,0.53746879,0.46253121,0.63964009,0.53746879,0.54339926,0.45660074,0.5929886,0.4070114,0
val,S02_AC06_F00091,maxprob_adaptive_ratio,1,0.66202664,0.33797336,0.48044246,0.51955754,0.66202664,0.51955754,0.56028733,0.43971267,0.58218178,0.41781822,0
val,S02_AC06_F00121,maxprob_adaptive_ratio,1,0.38545197,0.61454803,0.3380087,0.6619913,0.61454803,0.6619913,0.48141723,0.51858277,0.36084871,0.63915129,1
val,S02_AC07_F00001,maxprob_adaptive_ratio,1,0.59499854,0.40500146,0.47475088,0.52524912,0.59499854,0.52524912,0.53113125,0.46886875,0.53861817,0.46138183,0
val,S02_AC07_F00031,maxprob_adaptive_ratio,1,0.24741679,0.75258321,0.39304739,0.60695261,0.75258321,0.60695261,0.55355894,0.44644106,0.31243227,0.68756773,1
val,S02_AC07_F00061,maxprob_adaptive_ratio,1,0.08803958,0.91196042,0.34168786,0.65831214,0.91196042,0.65831214,0.58076569,0.41923431,0.19437764,0.80562236,1
val,S02_AC07_F00091,maxprob_adaptive_ratio,1,0.09243256,0.90756744,0.37371629,0.62628371,0.90756744,0.62628371,0.59169199,0.40830801,0.20728296,0.79271704,1
val,S02_AC07_F00121,maxprob_adaptive_ratio,1,0.1159901,0.8840099,0.27464968,0.72535032,0.8840099,0.72535032,0.54929275,0.45070725,0.18749912,0.81250088,1
val,S02_AC08_F00001,maxprob_adaptive_ratio,1,0.26639348,0.73360652,0.59259871,0.40740129,0.73360652,0.59259871,0.55316214,0.44683786,0.41215433,0.58784567,1
val,S02_AC08_F00031,maxprob_adaptive_ratio,1,0.590462,0.409538,0.34066111,0.65933889,0.590462,0.65933889,0.47244485,0.52755515,0.45867825,0.54132175,1
val,S02_AC08_F00061,maxprob_adaptive_ratio,1,0.48423415,0.51576585,0.36292183,0.63707817,0.51576585,0.63707817,0.44738563,0.55261437,0.41719522,0.58280478,1
val,S02_AC08_F00091,maxprob_adaptive_ratio,1,0.66571409,0.33428591,0.34162843,0.65837157,0.66571409,0.65837157,0.50277267,0.49722733,0.50456984,0.49543016,0
val,S02_AC08_F00121,maxprob_adaptive_ratio,1,0.81380469,0.18619531,0.36566907,0.63433093,0.81380469,0.63433093,0.56196718,0.43803282,0.61750658,0.38249342,0
val,S02_AC09_F00001,maxprob_adaptive_ratio,1,0.66266918,0.33733082,0.3056798,0.6943202,0.66266918,0.6943202,0.48833778,0.51166222,0.4800112,0.5199888,1
val,S02_AC09_F00031,maxprob_adaptive_ratio,1,0.29563898,0.70436102,0.38682956,0.61317044,0.70436102,0.61317044,0.5346066,0.4653934,0.33807847,0.66192153,1
val,S02_AC09_F00061,maxprob_adaptive_ratio,1,0.34847319,0.65152681,0.35655636,0.64344364,0.65152681,0.64344364,0.50312098,0.49687902,0.35248955,0.64751045,1
val,S02_AC09_F00091,maxprob_adaptive_ratio,1,0.09134227,0.90865773,0.42245579,0.57754421,0.90865773,0.57754421,0.61139587,0.38860413,0.22001435,0.77998565,1
val,S03_AC01_F00001,maxprob_adaptive_ratio,0,0.57804191,0.42195809,0.51757336,0.48242664,0.57804191,0.51757336,0.52759571,0.47240429,0.54947631,0.45052369,0
val,S03_AC01_F00031,maxprob_adaptive_ratio,0,0.62459415,0.37540585,0.53705904,0.46294096,0.62459415,0.53705904,0.53767696,0.46232304,0.58412465,0.41587535,0
val,S03_AC01_F00061,maxprob_adaptive_ratio,0,0.5999566,0.4000434,0.57154262,0.42845738,0.5999566,0.57154262,0.51212719,0.48787281,0.58609419,0.41390581,0
val,S03_AC01_F00091,maxprob_adaptive_ratio,0,0.70857638,0.29142362,0.58021826,0.41978174,0.70857638,0.58021826,0.54979774,0.45020226,0.65078926,0.34921074,0
val,S03_AC01_F00121,maxprob_adaptive_ratio,0,0.06131673,0.93868327,0.48568904,0.51431096,0.93868327,0.51431096,0.64603372,0.35396628,0.21153022,0.78846978,1
val,S03_AC05_F00001,maxprob_adaptive_ratio,1,0.20485234,0.79514766,0.18584496,0.81415504,0.79514766,0.81415504,0.49409453,0.50590547,0.1952364,0.8047636,1
val,S03_AC05_F00031,maxprob_adaptive_ratio,1,0.17705494,0.82294506,0.23981512,0.76018488,0.82294506,0.76018488,0.51982155,0.48017845,0.20719102,0.79280898,1
val,S03_AC05_F00061,maxprob_adaptive_ratio,1,0.24632293,0.75367707,0.33953947,0.66046053,0.75367707,0.66046053,0.53295879,0.46704121,0.28985889,0.71014111,1
val,S03_AC05_F00091,maxprob_adaptive_ratio,1,0.2646656,0.7353344,0.19098443,0.80901557,0.7353344,0.80901557,0.47614492,0.52385508,0.22606735,0.77393265,1
val,S03_AC05_F00121,maxprob_adaptive_ratio,1,0.27407235,0.72592765,0.48472756,0.51527244,0.72592765,0.51527244,0.58485949,0.41514051,0.36152386,0.63847614,1
val,S03_AC06_F00001,maxprob_adaptive_ratio,1,0.26647884,0.73352116,0.25156599,0.74843401,0.73352116,0.74843401,0.49496852,0.50503148,0.25894738,0.74105262,1
val,S03_AC06_F00031,maxprob_adaptive_ratio,1,0.51627225,0.48372775,0.32692355,0.67307645,0.51627225,0.67307645,0.4340798,0.5659202,0.40911599,0.59088401,1
val,S03_AC06_F00061,maxprob_adaptive_ratio,1,0.2428205,0.7571795,0.36088395,0.63911605,0.7571795,0.63911605,0.54227739,0.45772261,0.29686081,0.70313919,1
val,S03_AC06_F00091,maxprob_adaptive_ratio,1,0.15341079,0.84658921,0.30009067,0.69990933,0.84658921,0.69990933,0.54742322,0.45257678,0.2197947,0.7802053,1
val,S03_AC06_F00121,maxprob_adaptive_ratio,1,0.26883692,0.73116308,0.1858356,0.8141644,0.73116308,0.8141644,0.47314443,0.52685557,0.22510721,0.77489279,1
val,S03_AC07_F00001,maxprob_adaptive_ratio,1,0.10434383,0.89565617,0.38451684,0.61548316,0.89565617,0.61548316,0.59270257,0.40729743,0.21845758,0.78154242,1
val,S03_AC07_F00031,maxprob_adaptive_ratio,1,0.2609635,0.7390365,0.28589201,0.71410799,0.7390365,0.71410799,0.50857744,0.49142256,0.27321393,0.72678607,1
val,S03_AC07_F00061,maxprob_adaptive_ratio,1,0.13651806,0.86348194,0.32054144,0.67945856,0.86348194,0.67945856,0.55963398,0.44036602,0.2175557,0.7824443,1
val,S03_AC07_F00091,maxprob_adaptive_ratio,1,0.15055096,0.84944904,0.19159508,0.80840492,0.84944904,0.80840492,0.51237869,0.48762131,0.17056495,0.82943505,1
val,S03_AC07_F00121,maxprob_adaptive_ratio,1,0.22086823,0.77913177,0.26712048,0.73287952,0.77913177,0.73287952,0.51529494,0.48470506,0.24328693,0.75671307,1
val,S03_AC07_F00151,maxprob_adaptive_ratio,1,0.21324569,0.78675431,0.23004937,0.76995063,0.78675431,0.76995063,0.5053972,0.4946028,0.22155684,0.77844316,1
val,S03_AC07_F00181,maxprob_adaptive_ratio,1,0.10639668,0.89360332,0.08916879,0.91083121,0.89360332,0.91083121,0.49522624,0.50477376,0.09770049,0.90229951,1
val,S03_AC08_F00001,maxprob_adaptive_ratio,1,0.43296927,0.56703073,0.49675137,0.50324863,0.56703073,0.50324863,0.52979694,0.47020306,0.46295981,0.53704019,1
val,S03_AC08_F00031,maxprob_adaptive_ratio,1,0.20399803,0.79600197,0.44658834,0.55341166,0.79600197,0.55341166,0.5898873,0.4101127,0.30348739,0.69651261,1
val,S03_AC08_F00061,maxprob_adaptive_ratio,1,0.1857118,0.8142882,0.46052361,0.53947639,0.8142882,0.53947639,0.60149911,0.39850089,0.29522455,0.70477545,1
val,S03_AC08_F00091,maxprob_adaptive_ratio,1,0.1108259,0.8891741,0.44584656,0.55415344,0.8891741,0.55415344,0.61605843,0.38394157,0.23945425,0.76054575,1
val,S03_AC08_F00121,maxprob_adaptive_ratio,1,0.68741521,0.31258479,0.42055225,0.57944775,0.68741521,0.57944775,0.54261213,0.45738787,0.56535533,0.43464467,0
val,S03_AC08_F00151,maxprob_adaptive_ratio,1,0.54552978,0.45447022,0.43064672,0.56935328,0.54552978,0.56935328,0.4893157,0.5106843,0.4868608,0.5131392,1
val,S03_AC09_F00001,maxprob_adaptive_ratio,1,0.17805916,0.82194084,0.50653389,0.49346611,0.82194084,0.50653389,0.61871018,0.38128982,0.30330323,0.69669677,1
val,S03_AC09_F00031,maxprob_adaptive_ratio,1,0.45133567,0.54866433,0.4240821,0.5759179,0.54866433,0.5759179,0.4878828,0.5121172,0.43737865,0.56262135,1
val,S03_AC09_F00061,maxprob_adaptive_ratio,1,0.20599931,0.79400069,0.51595357,0.48404643,0.79400069,0.51595357,0.60612856,0.39387144,0.32808144,0.67191856,1
val,S03_AC09_F00091,maxprob_adaptive_ratio,1,0.05780309,0.94219691,0.48254299,0.51745701,0.94219691,0.51745701,0.64549336,0.35450664,0.20837621,0.79162379,1
val,S03_AC09_F00121,maxprob_adaptive_ratio,1,0.19103873,0.80896127,0.45034367,0.54965633,0.80896127,0.54965633,0.5954297,0.4045703,0.29594581,0.70405419,1
val,S15_AC01_F00001,maxprob_adaptive_ratio,0,0.42769206,0.57230794,0.523581,0.476419,0.57230794,0.523581,0.5222317,0.4777683,0.47350475,0.52649525,1
val,S15_AC01_F00031,maxprob_adaptive_ratio,0,0.76561508,0.23438492,0.54473501,0.45526499,0.76561508,0.54473501,0.58428284,0.41571716,0.67379144,0.32620856,0
val,S15_AC01_F00061,maxprob_adaptive_ratio,0,0.84882228,0.15117772,0.52642068,0.47357932,0.84882228,0.52642068,0.61721623,0.38278377,0.72541218,0.27458782,0
val,S15_AC01_F00091,maxprob_adaptive_ratio,0,0.74394268,0.25605732,0.54377744,0.45622256,0.74394268,0.54377744,0.57772079,0.42227921,0.65941706,0.34058294,0
val,S15_AC05_F00001,maxprob_adaptive_ratio,1,0.47287297,0.52712703,0.3173849,0.6826151,0.52712703,0.6826151,0.43573503,0.56426497,0.3851365,0.6148635,1
val,S15_AC05_F00031,maxprob_adaptive_ratio,1,0.50201303,0.49798697,0.29839402,0.70160598,0.50201303,0.70160598,0.41708633,0.58291367,0.38332073,0.61667927,1
val,S15_AC05_F00061,maxprob_adaptive_ratio,1,0.31347775,0.68652225,0.38100529,0.61899471,0.68652225,0.61899471,0.52586237,0.47413763,0.3454951,0.6545049,1
val,S15_AC06_F00001,maxprob_adaptive_ratio,1,0.06831783,0.93168217,0.38254297,0.61745703,0.93168217,0.61745703,0.60141927,0.39858073,0.19356191,0.80643809,1
val,S15_AC06_F00031,maxprob_adaptive_ratio,1,0.21439666,0.78560334,0.52927709,0.47072291,0.78560334,0.52927709,0.59747132,0.40252868,0.34114506,0.65885494,1
val,S15_AC06_F00061,maxprob_adaptive_ratio,1,0.31117791,0.68882209,0.42039716,0.57960284,0.68882209,0.57960284,0.5430531,0.4569469,0.36108531,0.63891469,1
val,S15_AC06_F00091,maxprob_adaptive_ratio,1,0.29592365,0.70407635,0.48795921,0.51204079,0.70407635,0.51204079,0.57895438,0.42104562,0.37677938,0.62322062,1
val,S15_AC07_F00001,maxprob_adaptive_ratio,1,0.04968977,0.95031023,0.15847164,0.84152836,0.95031023,0.84152836,0.53035482,0.46964518,0.10077865,0.89922135,1
val,S15_AC07_F00031,maxprob_adaptive_ratio,1,0.14708722,0.85291278,0.30258709,0.69741291,0.85291278,0.69741291,0.55015071,0.44984929,0.21703872,0.78296128,1
val,S15_AC07_F00061,maxprob_adaptive_ratio,1,0.2935403,0.7064597,0.2827943,0.7172057,0.7064597,0.7172057,0.49622594,0.50377406,0.28812674,0.71187326,1
val,S15_AC08_F00001,maxprob_adaptive_ratio,1,0.13609153,0.86390847,0.38194585,0.61805415,0.86390847,0.61805415,0.58294889,0.41705111,0.23862535,0.76137465,1
val,S15_AC08_F00031,maxprob_adaptive_ratio,1,0.14326435,0.85673565,0.52982584,0.47017416,0.85673565,0.52982584,0.61788508,0.38211492,0.29097527,0.70902473,1
val,S15_AC08_F00061,maxprob_adaptive_ratio,1,0.14593053,0.85406947,0.48134959,0.51865041,0.85406947,0.51865041,0.62217316,0.37782684,0.27266085,0.72733915,1
val,S15_AC08_F00091,maxprob_adaptive_ratio,1,0.1046809,0.8953191,0.46886653,0.53113347,0.8953191,0.53113347,0.62765431,0.37234569,0.24028385,0.75971615,1
val,S15_AC08_F00121,maxprob_adaptive_ratio,1,0.22036183,0.77963817,0.39285439,0.60714561,0.77963817,0.60714561,0.56219159,0.43780841,0.29588052,0.70411948,1
val,S15_AC09_F00001,maxprob_adaptive_ratio,1,0.34426057,0.65573943,0.46467966,0.53532034,0.65573943,0.53532034,0.55055124,0.44944876,0.39838278,0.60161722,1
val,S15_AC09_F00031,maxprob_adaptive_ratio,1,0.08884579,0.91115421,0.29297036,0.70702964,0.91115421,0.70702964,0.56307212,0.43692788,0.17803351,0.82196649,1
val,S15_AC09_F00061,maxprob_adaptive_ratio,1,0.1583432,0.8416568,0.1314671,0.8685329,0.8416568,0.8685329,0.49214237,0.50785763,0.14469397,0.85530603,1
val,S15_AC09_F00091,maxprob_adaptive_ratio,1,0.21455586,0.78544414,0.33773071,0.66226929,0.78544414,0.66226929,0.54254117,0.45745883,0.27090328,0.72909672,1
val,S15_AC09_F00121,maxprob_adaptive_ratio,1,0.16415942,0.83584058,0.33380049,0.66619951,0.83584058,0.66619951,0.55647022,0.44352978,0.23940029,0.76059971,1
val,S20_AC01_F00001,maxprob_adaptive_ratio,0,0.43050981,0.56949019,0.23013008,0.76986992,0.56949019,0.76986992,0.42519572,0.57480428,0.31533068,0.68466932,1
val,S20_AC01_F00031,maxprob_adaptive_ratio,0,0.43107224,0.56892776,0.28488731,0.71511269,0.56892776,0.71511269,0.4430762,0.5569238,0.34965837,0.65034163,1
val,S20_AC01_F00061,maxprob_adaptive_ratio,0,0.32538718,0.67461282,0.32195646,0.67804354,0.67461282,0.67804354,0.49873186,0.50126814,0.32366747,0.67633253,1
val,S20_AC01_F00091,maxprob_adaptive_ratio,0,0.37847173,0.62152827,0.29492539,0.70507461,0.62152827,0.70507461,0.46851117,0.53148883,0.33406779,0.66593221,1
val,S20_AC05_F00001,maxprob_adaptive_ratio,1,0.22581059,0.77418941,0.2405175,0.7594825,0.77418941,0.7594825,0.50479467,0.49520533,0.23309353,0.76690647,1
val,S20_AC05_F00031,maxprob_adaptive_ratio,1,0.32379484,0.67620516,0.3688584,0.6311416,0.67620516,0.6311416,0.51723474,0.48276526,0.34554996,0.65445004,1
val,S20_AC05_F00061,maxprob_adaptive_ratio,1,0.31867814,0.68132186,0.35586733,0.64413267,0.68132186,0.64413267,0.51402884,0.48597116,0.33675101,0.66324899,1
val,S20_AC05_F00091,maxprob_adaptive_ratio,1,0.30500144,0.69499856,0.49969685,0.50030315,0.69499856,0.50030315,0.58144195,0.41855805,0.38649277,0.61350723,1
val,S20_AC05_F00121,maxprob_adaptive_ratio,1,0.2617709,0.7382291,0.36342424,0.63657576,0.7382291,0.63657576,0.5369701,0.4630299,0.30883944,0.69116056,1
val,S20_AC06_F00001,maxprob_adaptive_ratio,1,0.30847323,0.69152677,0.22768617,0.77231383,0.69152677,0.77231383,0.47240579,0.52759421,0.26585044,0.73414956,1
val,S20_AC06_F00031,maxprob_adaptive_ratio,1,0.26219398,0.73780602,0.24015528,0.75984472,0.73780602,0.75984472,0.49264224,0.50735776,0.25101247,0.74898753,1
val,S20_AC06_F00061,maxprob_adaptive_ratio,1,0.1662547,0.8337453,0.26657331,0.73342669,0.8337453,0.73342669,0.53200625,0.46799375,0.21320318,0.78679682,1
val,S20_AC06_F00091,maxprob_adaptive_ratio,1,0.20768803,0.79231197,0.23490411,0.76509589,0.79231197,0.76509589,0.50873762,0.49126238,0.22105827,0.77894173,1
val,S20_AC06_F00121,maxprob_adaptive_ratio,1,0.11614162,0.88385838,0.30649698,0.69350302,0.88385838,0.69350302,0.56033981,0.43966019,0.19983329,0.80016671,1
val,S20_AC07_F00001,maxprob_adaptive_ratio,1,0.25442511,0.74557489,0.25530541,0.74469459,0.74557489,0.74469459,0.50029535,0.49970465,0.254865,0.745135,1
val,S20_AC07_F00031,maxprob_adaptive_ratio,1,0.33113569,0.66886431,0.26367885,0.73632115,0.66886431,0.73632115,0.47599717,0.52400283,0.29578811,0.70421189,1
val,S20_AC07_F00061,maxprob_adaptive_ratio,1,0.22992194,0.77007806,0.2099309,0.7900691,0.77007806,0.7900691,0.49359322,0.50640678,0.21979834,0.78020166,1
val,S20_AC07_F00091,maxprob_adaptive_ratio,1,0.14408177,0.85591823,0.19948578,0.80051422,0.85591823,0.80051422,0.5167239,0.4832761,0.1708572,0.8291428,1
val,S20_AC07_F00121,maxprob_adaptive_ratio,1,0.2282961,0.7717039,0.24473375,0.75526625,0.7717039,0.75526625,0.50538244,0.49461756,0.23642645,0.76357355,1
val,S20_AC07_F00151,maxprob_adaptive_ratio,1,0.2489484,0.7510516,0.27087629,0.72912371,0.7510516,0.72912371,0.50740719,0.49259281,0.25974992,0.74025008,1
val,S20_AC08_F00001,maxprob_adaptive_ratio,1,0.25671667,0.74328333,0.23470861,0.76529139,0.74328333,0.76529139,0.49270568,0.50729432,0.2455521,0.7544479,1
val,S20_AC08_F00031,maxprob_adaptive_ratio,1,0.20687205,0.79312795,0.30443943,0.69556057,0.79312795,0.69556057,0.53276957,0.46723043,0.25245849,0.74754151,1
val,S20_AC08_F00061,maxprob_adaptive_ratio,1,0.26748323,0.73251677,0.22548085,0.77451915,0.73251677,0.77451915,0.48606457,0.51393543,0.24589672,0.75410328,1
val,S20_AC08_F00091,maxprob_adaptive_ratio,1,0.16126621,0.83873379,0.29858923,0.70141077,0.83873379,0.70141077,0.54458121,0.45541879,0.22380569,0.77619431,1
val,S20_AC08_F00121,maxprob_adaptive_ratio,1,0.28449136,0.71550864,0.34853488,0.65146512,0.71550864,0.65146512,0.52342529,0.47657471,0.31501288,0.68498712,1
val,S20_AC08_F00151,maxprob_adaptive_ratio,1,0.41171789,0.58828211,0.24209392,0.75790608,0.58828211,0.75790608,0.43699842,0.56300158,0.31621933,0.68378067,1
val,S20_AC09_F00001,maxprob_adaptive_ratio,1,0.03208786,0.96791214,0.29669386,0.70330614,0.96791214,0.70330614,0.5791656,0.4208344,0.14344317,0.85655683,1
val,S20_AC09_F00031,maxprob_adaptive_ratio,1,0.11337268,0.88662732,0.25527853,0.74472147,0.88662732,0.74472147,0.54349341,0.45650659,0.17815364,0.82184636,1
val,S20_AC09_F00061,maxprob_adaptive_ratio,1,0.07706815,0.92293185,0.27644807,0.72355193,0.92293185,0.72355193,0.56054719,0.43945281,0.16468622,0.83531378,1
val,S20_AC09_F00091,maxprob_adaptive_ratio,1,0.09335369,0.90664631,0.32923126,0.67076874,0.90664631,0.67076874,0.57476712,0.42523288,0.19365659,0.80634341,1
val,S20_AC09_F00121,maxprob_adaptive_ratio,1,0.06422561,0.93577439,0.37976533,0.62023467,0.93577439,0.62023467,0.60139392,0.39860608,0.19000166,0.80999834,1
val,S22_AC01_F00001,maxprob_adaptive_ratio,0,0.17739642,0.82260358,0.29784167,0.70215833,0.82260358,0.70215833,0.53949641,0.46050359,0.23286189,0.76713811,1
val,S22_AC01_F00031,maxprob_adaptive_ratio,0,0.21057469,0.78942531,0.53888834,0.46111166,0.78942531,0.53888834,0.59430641,0.40569359,0.34376943,0.65623057,1
val,S22_AC01_F00061,maxprob_adaptive_ratio,0,0.59153557,0.40846443,0.44786912,0.55213088,0.59153557,0.55213088,0.51722735,0.48277265,0.52217734,0.47782266,0
val,S22_AC01_F00091,maxprob_adaptive_ratio,0,0.09877402,0.90122598,0.51344144,0.48655856,0.90122598,0.51344144,0.63705855,0.36294145,0.24927401,0.75072599,1
val,S22_AC05_F00001,maxprob_adaptive_ratio,1,0.29599261,0.70400739,0.38361657,0.61638343,0.70400739,0.61638343,0.53318107,0.46681893,0.33689713,0.66310287,1
val,S22_AC05_F00031,maxprob_adaptive_ratio,1,0.25886011,0.74113989,0.41050565,0.58949435,0.74113989,0.58949435,0.55698243,0.44301757,0.32604175,0.67395825,1
val,S22_AC05_F00061,maxprob_adaptive_ratio,1,0.19453841,0.80546159,0.39563626,0.60436374,0.80546159,0.60436374,0.57132013,0.42867987,0.28074501,0.71925499,1
val,S22_AC05_F00091,maxprob_adaptive_ratio,1,0.35463279,0.64536721,0.34554076,0.65445924,0.64536721,0.65445924,0.4965026,0.5034974,0.35005498,0.64994502,1
val,S22_AC06_F00001,maxprob_adaptive_ratio,1,0.61079261,0.38920739,0.46271348,0.53728652,0.61079261,0.53728652,0.53201264,0.46798736,0.54149345,0.45850655,0
val,S22_AC06_F00031,maxprob_adaptive_ratio,1,0.66583097,0.33416903,0.28226084,0.71773916,0.66583097,0.71773916,0.48124121,0.51875879,0.46685059,0.53314941,1
val,S22_AC06_F00061,maxprob_adaptive_ratio,1,0.44306719,0.55693281,0.33899939,0.66100061,0.55693281,0.66100061,0.45727689,0.54272311,0.38658719,0.61341281,1
val,S22_AC06_F00091,maxprob_adaptive_ratio,1,0.45017993,0.54982007,0.4047026,0.5952974,0.54982007,0.5952974,0.48014294,0.51985706,0.42653822,0.57346178,1
val,S22_AC06_F00121,maxprob_adaptive_ratio,1,0.41615212,0.58384788,0.37193149,0.62806851,0.58384788,0.62806851,0.48175591,0.51824409,0.39323504,0.60676496,1
val,S22_AC07_F00001,maxprob_adaptive_ratio,1,0.25849527,0.74150473,0.19781274,0.80218726,0.74150473,0.80218726,0.480345,0.519655,0.22696129,0.77303871,1
val,S22_AC07_F00031,maxprob_adaptive_ratio,1,0.290353,0.709647,0.13235605,0.86764395,0.709647,0.86764395,0.44991509,0.55008491,0.20344126,0.79655874,1
val,S22_AC07_F00061,maxprob_adaptive_ratio,1,0.1784659,0.8215341,0.21690422,0.78309578,0.8215341,0.78309578,0.51197732,0.48802268,0.19722467,0.80277533,1
val,S22_AC07_F00091,maxprob_adaptive_ratio,1,0.12922233,0.87077767,0.27669251,0.72330749,0.87077767,0.72330749,0.54625543,0.45374457,0.19613613,0.80386387,1
val,S22_AC07_F00121,maxprob_adaptive_ratio,1,0.12713844,0.87286156,0.17324543,0.82675457,0.87286156,0.82675457,0.51356394,0.48643606,0.14956654,0.85043346,1
val,S22_AC08_F00001,maxprob_adaptive_ratio,1,0.20390099,0.79609901,0.40074456,0.59925544,0.79609901,0.59925544,0.57053533,0.42946467,0.28843835,0.71156165,1
val,S22_AC08_F00031,maxprob_adaptive_ratio,1,0.44227308,0.55772692,0.56936207,0.43063793,0.55772692,0.56936207,0.4948384,0.5051616,0.50647356,0.49352644,0
val,S22_AC08_F00061,maxprob_adaptive_ratio,1,0.21483946,0.78516054,0.33562273,0.66437727,0.78516054,0.66437727,0.54166268,0.45833732,0.27019894,0.72980106,1
val,S22_AC08_F00091,maxprob_adaptive_ratio,1,0.198524,0.801476,0.32607698,0.67392302,0.801476,0.67392302,0.54322661,0.45677339,0.25678681,0.74321319,1
val,S22_AC09_F00001,maxprob_adaptive_ratio,1,0.50634426,0.49365574,0.45315826,0.54684174,0.50634426,0.54684174,0.48077382,0.51922618,0.4787287,0.5212713,1
val,S22_AC09_F00031,maxprob_adaptive_ratio,1,0.18819612,0.81180388,0.47553962,0.52446038,0.81180388,0.52446038,0.60751747,0.39248253,0.30097343,0.69902657,1
val,S22_AC09_F00061,maxprob_adaptive_ratio,1,0.33582383,0.66417617,0.36237806,0.63762194,0.66417617,0.63762194,0.51019906,0.48980094,0.34883012,0.65116988,1
val,S22_AC09_F00091,maxprob_adaptive_ratio,1,0.13719541,0.86280459,0.41146952,0.58853048,0.86280459,0.58853048,0.59449028,0.40550972,0.24841623,0.75158377,1
val,S22_AC09_F00121,maxprob_adaptive_ratio,1,0.25038248,0.74961752,0.34677327,0.65322673,0.74961752,0.65322673,0.53435548,0.46564452,0.29526632,0.70473368,1
val,S22_AC09_F00151,maxprob_adaptive_ratio,1,0.18115914,0.81884086,0.32859468,0.67140532,0.81884086,0.67140532,0.54946684,0.45053316,0.24758374,0.75241626,1
val,S27_AC01_F00001,maxprob_adaptive_ratio,0,0.58585119,0.41414881,0.47768545,0.52231455,0.58585119,0.52231455,0.52866748,0.47133252,0.53486916,0.46513084,0
val,S27_AC01_F00031,maxprob_adaptive_ratio,0,0.59759665,0.40240335,0.53237405,0.46762595,0.59759665,0.53237405,0.5288603,0.4711397,0.56686769,0.43313231,0
val,S27_AC01_F00061,maxprob_adaptive_ratio,0,0.04800183,0.95199817,0.18385166,0.81614834,0.95199817,0.81614834,0.53841589,0.46158411,0.11070795,0.88929205,1
val,S27_AC05_F00001,maxprob_adaptive_ratio,1,0.17804211,0.82195789,0.36144984,0.63855016,0.82195789,0.63855016,0.56278902,0.43721098,0.25822999,0.74177001,1
val,S27_AC05_F00031,maxprob_adaptive_ratio,1,0.16065407,0.83934593,0.34615612,0.65384388,0.83934593,0.65384388,0.56211603,0.43788397,0.24188244,0.75811756,1
val,S27_AC05_F00061,maxprob_adaptive_ratio,1,0.28404492,0.71595508,0.36976117,0.63023883,0.71595508,0.63023883,0.53183652,0.46816348,0.32417414,0.67582586,1
val,S27_AC05_F00091,maxprob_adaptive_ratio,1,0.17384034,0.82615966,0.35265511,0.64734489,0.82615966,0.64734489,0.56067669,0.43932331,0.25239784,0.74760216,1
val,S27_AC06_F00001,maxprob_adaptive_ratio,1,0.06831819,0.93168181,0.35454226,0.64545774,0.93168181,0.64545774,0.59074152,0.40925848,0.18545782,0.81454218,1
val,S27_AC06_F00031,maxprob_adaptive_ratio,1,0.1278674,0.8721326,0.32642496,0.67357504,0.8721326,0.67357504,0.56422869,0.43577131,0.21439309,0.78560691,1
val,S27_AC06_F00061,maxprob_adaptive_ratio,1,0.12353772,0.87646228,0.23570836,0.76429164,0.87646228,0.76429164,0.53418265,0.46581735,0.17578875,0.82421125,1
val,S27_AC07_F00001,maxprob_adaptive_ratio,1,0.38415474,0.61584526,0.40686643,0.59313357,0.61584526,0.59313357,0.50939292,0.49060708,0.39529725,0.60470275,1
val,S27_AC07_F00031,maxprob_adaptive_ratio,1,0.09318501,0.90681499,0.32595021,0.67404979,0.90681499,0.67404979,0.57361958,0.42638042,0.19243153,0.80756847,1
val,S27_AC07_F00061,maxprob_adaptive_ratio,1,0.11053371,0.88946629,0.27900958,0.72099042,0.88946629,0.72099042,0.55230686,0.44769314,0.1859592,0.8140408,1
val,S27_AC07_F00091,maxprob_adaptive_ratio,1,0.20713693,0.79286307,0.31024462,0.68975538,0.79286307,0.68975538,0.53477216,0.46522784,0.2551055,0.7448945,1
val,S27_AC08_F00001,maxprob_adaptive_ratio,1,0.27102357,0.72897643,0.24457246,0.75542754,0.72897643,0.75542754,0.49109033,0.50890967,0.25756235,0.74243765,1
val,S27_AC08_F00031,maxprob_adaptive_ratio,1,0.16891831,0.83108169,0.39144325,0.60855675,0.83108169,0.60855675,0.57728501,0.42271499,0.26298294,0.73701706,1
val,S27_AC08_F00061,maxprob_adaptive_ratio,1,0.13581318,0.86418682,0.43692207,0.56307793,0.86418682,0.56307793,0.6054846,0.3945154,0.25460527,0.74539473,1
val,S27_AC08_F00091,maxprob_adaptive_ratio,1,0.18572116,0.81427884,0.27689487,0.72310513,0.81427884,0.72310513,0.52965222,0.47034778,0.22860451,0.77139549,1
val,S27_AC09_F00001,maxprob_adaptive_ratio,1,0.17295003,0.82704997,0.15858501,0.84141499,0.82704997,0.84141499,0.49569514,0.50430486,0.16570568,0.83429432,1
val,S27_AC09_F00031,maxprob_adaptive_ratio,1,0.07145995,0.92854005,0.23564607,0.76435393,0.92854005,0.76435393,0.54849274,0.45150726,0.14559117,0.85440883,1
val,S27_AC09_F00061,maxprob_adaptive_ratio,1,0.19627929,0.80372071,0.25729233,0.74270767,0.80372071,0.74270767,0.51972708,0.48027292,0.2255822,0.7744178,1
val,S27_AC09_F00091,maxprob_adaptive_ratio,1,0.11681533,0.88318467,0.38352901,0.61647099,0.88318467,0.61647099,0.58892497,0.41107503,0.22645466,0.77354534,1
val,S41_AC01_F00001,maxprob_adaptive_ratio,0,0.31344563,0.68655437,0.27328908,0.72671092,0.68655437,0.72671092,0.48579299,0.51420701,0.29279685,0.70720315,1
val,S41_AC01_F00031,maxprob_adaptive_ratio,0,0.4465943,0.5534057,0.27288538,0.72711462,0.5534057,0.72711462,0.43217253,0.56782747,0.3479576,0.6520424,1
val,S41_AC01_F00061,maxprob_adaptive_ratio,0,0.75925405,0.24074595,0.39279604,0.60720396,0.75925405,0.60720396,0.55563658,0.44436342,0.59641352,0.40358648,0
val,S41_AC01_F00091,maxprob_adaptive_ratio,0,0.53722554,0.46277446,0.20470935,0.79529065,0.53722554,0.79529065,0.40316624,0.59683376,0.33876865,0.66123135,1
val,S41_AC01_F00121,maxprob_adaptive_ratio,0,0.51069281,0.48930719,0.24838281,0.75161719,0.51069281,0.75161719,0.40457004,0.59542996,0.35450557,0.64549443,1
val,S41_AC05_F00001,maxprob_adaptive_ratio,1,0.54098952,0.45901048,0.2425108,0.7574892,0.54098952,0.7574892,0.41663333,0.58336667,0.36686698,0.63313302,1
val,S41_AC05_F00031,maxprob_adaptive_ratio,1,0.4691956,0.5308044,0.21067935,0.78932065,0.5308044,0.78932065,0.40208645,0.59791355,0.31462524,0.68537476,1
val,S41_AC05_F00061,maxprob_adaptive_ratio,1,0.10973316,0.89026684,0.26773542,0.73226458,0.89026684,0.73226458,0.54869005,0.45130995,0.18104116,0.81895884,1
val,S41_AC05_F00091,maxprob_adaptive_ratio,1,0.17786139,0.82213861,0.13699162,0.86300838,0.82213861,0.86300838,0.48787353,0.51212647,0.1569309,0.8430691,1
val,S41_AC05_F00121,maxprob_adaptive_ratio,1,0.11227864,0.88772136,0.16815144,0.83184856,0.88772136,0.83184856,0.51624615,0.48375385,0.13930732,0.86069268,1
val,S41_AC06_F00001,maxprob_adaptive_ratio,1,0.5894331,0.4105669,0.17916501,0.82083499,0.5894331,0.82083499,0.41795819,0.58204181,0.35063992,0.64936008,1
val,S41_AC06_F00031,maxprob_adaptive_ratio,1,0.24542898,0.75457102,0.3066752,0.6933248,0.75457102,0.6933248,0.52115008,0.47884992,0.27475673,0.72524327,1
val,S41_AC06_F00061,maxprob_adaptive_ratio,1,0.29268748,0.70731252,0.23642135,0.76357865,0.70731252,0.76357865,0.48087346,0.51912654,0.26347823,0.73652177,1
val,S41_AC06_F00091,maxprob_adaptive_ratio,1,0.24267626,0.75732374,0.2141673,0.7858327,0.75732374,0.7858327,0.49076278,0.50923722,0.22815843,0.77184157,1
val,S41_AC06_F00121,maxprob_adaptive_ratio,1,0.10929829,0.89070171,0.18227559,0.81772441,0.89070171,0.81772441,0.52135805,0.47864195,0.14422829,0.85577171,1
val,S41_AC06_F00151,maxprob_adaptive_ratio,1,0.46552151,0.53447849,0.26625609,0.73374391,0.53447849,0.73374391,0.42143909,0.57856091,0.35023433,0.64976567,1
val,S41_AC07_F00001,maxprob_adaptive_ratio,1,0.20674682,0.79325318,0.31003666,0.68996334,0.79325318,0.68996334,0.53481954,0.46518046,0.25479523,0.74520477,1
val,S41_AC07_F00031,maxprob_adaptive_ratio,1,0.24315721,0.75684279,0.16120899,0.83879101,0.75684279,0.83879101,0.47432111,0.52567889,0.20007876,0.79992124,1
val,S41_AC07_F00061,maxprob_adaptive_ratio,1,0.18747747,0.81252253,0.14733642,0.85266358,0.81252253,0.85266358,0.48794698,0.51205302,0.16692313,0.83307687,1
val,S41_AC07_F00091,maxprob_adaptive_ratio,1,0.35790139,0.64209861,0.0982281,0.9017719,0.64209861,0.9017719,0.41590185,0.58409815,0.2062267,0.7937733,1
val,S41_AC07_F00121,maxprob_adaptive_ratio,1,0.17441976,0.82558024,0.13706911,0.86293089,0.82558024,0.86293089,0.48893977,0.51106023,0.15533133,0.84466867,1
val,S41_AC08_F00001,maxprob_adaptive_ratio,1,0.48291123,0.51708877,0.28176045,0.71823955,0.51708877,0.71823955,0.41858408,0.58141592,0.36595897,0.63404103,1
val,S41_AC08_F00031,maxprob_adaptive_ratio,1,0.1915077,0.8084923,0.34558034,0.65441966,0.8084923,0.65441966,0.55265957,0.44734043,0.26043062,0.73956938,1
val,S41_AC08_F00061,maxprob_adaptive_ratio,1,0.35789537,0.64210463,0.28538531,0.71461469,0.64210463,0.71461469,0.47327743,0.52672257,0.31970269,0.68029731,1
val,S41_AC08_F00091,maxprob_adaptive_ratio,1,0.341223,0.658777,0.19592422,0.80407578,0.658777,0.80407578,0.45033718,0.54966282,0.26135767,0.73864233,1
val,S41_AC08_F00121,maxprob_adaptive_ratio,1,0.30209273,0.69790727,0.21481109,0.78518891,0.69790727,0.78518891,0.47057452,0.52942548,0.2558836,0.7441164,1
val,S41_AC09_F00001,maxprob_adaptive_ratio,1,0.34434074,0.65565926,0.4356032,0.5643968,0.65565926,0.5643968,0.53740093,0.46259907,0.38655867,0.61344133,1
val,S41_AC09_F00031,maxprob_adaptive_ratio,1,0.51120335,0.48879665,0.20874834,0.79125166,0.51120335,0.79125166,0.39249214,0.60750786,0.32745955,0.67254045,1
val,S41_AC09_F00061,maxprob_adaptive_ratio,1,0.29898942,0.70101058,0.23226422,0.76773578,0.70101058,0.76773578,0.47728498,0.52271502,0.26411115,0.73588885,1
val,S41_AC09_F00091,maxprob_adaptive_ratio,1,0.50443357,0.49556643,0.27280849,0.72719151,0.50443357,0.72719151,0.40956747,0.59043253,0.36767459,0.63232541,1
val,S41_AC09_F00121,maxprob_adaptive_ratio,1,0.14518434,0.85481566,0.23151654,0.76848346,0.85481566,0.76848346,0.52659159,0.47340841,0.18605473,0.81394527,1
val,S41_AC09_F00151,maxprob_adaptive_ratio,1,0.43924999,0.56075001,0.26867771,0.73132229,0.56075001,0.73132229,0.43399275,0.56600725,0.34270484,0.65729516,1
val,S41_AC09_F00181,maxprob_adaptive_ratio,1,0.0672695,0.9327305,0.32118481,0.67881519,0.9327305,0.67881519,0.57878005,0.42121995,0.1742237,0.8257763,1
val,S41_AC09_F00211,maxprob_adaptive_ratio,1,0.32326186,0.67673814,0.23652625,0.76347375,0.67673814,0.76347375,0.4698879,0.5301121,0.27728226,0.72271774,1
val,S01_AC01_F00001,reliability_weighted_static_fusion,0,0.67851746,0.32148254,0.54759353,0.45240647,0.72581,0.75,0.4918045,0.5081955,0.61198251,0.38801749,0
val,S01_AC01_F00031,reliability_weighted_static_fusion,0,0.64711916,0.35288084,0.54346159,0.45653841,0.72581,0.75,0.4918045,0.5081955,0.59444085,0.40555915,0
val,S01_AC01_F00061,reliability_weighted_static_fusion,0,0.59691387,0.40308613,0.57989475,0.42010525,0.72581,0.75,0.4918045,0.5081955,0.58826483,0.41173517,0
val,S01_AC01_F00091,reliability_weighted_static_fusion,0,0.69248837,0.30751163,0.58147436,0.41852564,0.72581,0.75,0.4918045,0.5081955,0.63607155,0.36392845,0
val,S01_AC05_F00001,reliability_weighted_static_fusion,1,0.17066455,0.82933545,0.4904235,0.5095765,0.72581,0.75,0.4918045,0.5081955,0.33316461,0.66683539,1
val,S01_AC05_F00031,reliability_weighted_static_fusion,1,0.26763594,0.73236406,0.48675776,0.51324224,0.72581,0.75,0.4918045,0.5081955,0.37899266,0.62100734,1
val,S01_AC05_F00061,reliability_weighted_static_fusion,1,0.1711399,0.8288601,0.39579391,0.60420609,0.72581,0.75,0.4918045,0.5081955,0.28530806,0.71469194,1
val,S01_AC06_F00001,reliability_weighted_static_fusion,1,0.048554,0.951446,0.29191679,0.70808321,0.72581,0.75,0.4918045,0.5081955,0.17222987,0.82777013,1
val,S01_AC06_F00031,reliability_weighted_static_fusion,1,0.29440004,0.70559996,0.30750668,0.69249332,0.72581,0.75,0.4918045,0.5081955,0.30106077,0.69893923,1
val,S01_AC06_F00061,reliability_weighted_static_fusion,1,0.35658914,0.64341086,0.41916943,0.58083057,0.72581,0.75,0.4918045,0.5081955,0.38839216,0.61160784,1
val,S01_AC06_F00091,reliability_weighted_static_fusion,1,0.35133362,0.64866638,0.48369378,0.51630622,0.72581,0.75,0.4918045,0.5081955,0.41859846,0.58140154,1
val,S01_AC07_F00001,reliability_weighted_static_fusion,1,0.33459806,0.66540194,0.29282415,0.70717585,0.72581,0.75,0.4918045,0.5081955,0.31336875,0.68663125,1
val,S01_AC07_F00031,reliability_weighted_static_fusion,1,0.18035942,0.81964058,0.28041667,0.71958333,0.72581,0.75,0.4918045,0.5081955,0.23120806,0.76879194,1
val,S01_AC07_F00061,reliability_weighted_static_fusion,1,0.1419605,0.8580395,0.17343062,0.82656938,0.72581,0.75,0.4918045,0.5081955,0.15795347,0.84204653,1
val,S01_AC07_F00091,reliability_weighted_static_fusion,1,0.24318343,0.75681657,0.32533288,0.67466712,0.72581,0.75,0.4918045,0.5081955,0.28493141,0.71506859,1
val,S01_AC08_F00001,reliability_weighted_static_fusion,1,0.2022413,0.7977587,0.49428904,0.50571096,0.72581,0.75,0.4918045,0.5081955,0.35065865,0.64934135,1
val,S01_AC08_F00031,reliability_weighted_static_fusion,1,0.18095696,0.81904304,0.37091947,0.62908053,0.72581,0.75,0.4918045,0.5081955,0.27749505,0.72250495,1
val,S01_AC08_F00061,reliability_weighted_static_fusion,1,0.24371243,0.75628757,0.4834218,0.5165782,0.72581,0.75,0.4918045,0.5081955,0.36553165,0.63446835,1
val,S01_AC08_F00091,reliability_weighted_static_fusion,1,0.11862838,0.88137162,0.54537871,0.45462129,0.72581,0.75,0.4918045,0.5081955,0.33550098,0.66449902,1
val,S01_AC09_F00001,reliability_weighted_static_fusion,1,0.28115386,0.71884614,0.4552753,0.5447247,0.72581,0.75,0.4918045,0.5081955,0.36964159,0.63035841,1
val,S01_AC09_F00031,reliability_weighted_static_fusion,1,0.15888745,0.84111255,0.37530893,0.62469107,0.72581,0.75,0.4918045,0.5081955,0.26887187,0.73112813,1
val,S01_AC09_F00061,reliability_weighted_static_fusion,1,0.18695241,0.81304759,0.42480898,0.57519102,0.72581,0.75,0.4918045,0.5081955,0.30783005,0.69216995,1
val,S02_AC01_F00001,reliability_weighted_static_fusion,0,0.14110088,0.85889912,0.43799675,0.56200325,0.72581,0.75,0.4918045,0.5081955,0.29198202,0.70801798,1
val,S02_AC01_F00031,reliability_weighted_static_fusion,0,0.54876789,0.45123211,0.39342874,0.60657126,0.72581,0.75,0.4918045,0.5081955,0.46982524,0.53017476,1
val,S02_AC01_F00061,reliability_weighted_static_fusion,0,0.5368236,0.4631764,0.50433934,0.49566066,0.72581,0.75,0.4918045,0.5081955,0.52031524,0.47968476,0
val,S02_AC01_F00091,reliability_weighted_static_fusion,0,0.56200248,0.43799752,0.42692453,0.57307547,0.72581,0.75,0.4918045,0.5081955,0.49335647,0.50664353,1
val,S02_AC01_F00121,reliability_weighted_static_fusion,0,0.53464293,0.46535707,0.53413516,0.46586484,0.72581,0.75,0.4918045,0.5081955,0.53438489,0.46561511,0
val,S02_AC05_F00001,reliability_weighted_static_fusion,1,0.77406563,0.22593437,0.47624755,0.52375245,0.72581,0.75,0.4918045,0.5081955,0.62271582,0.37728418,0
val,S02_AC05_F00031,reliability_weighted_static_fusion,1,0.51017526,0.48982474,0.46392202,0.53607798,0.72581,0.75,0.4918045,0.5081955,0.48666957,0.51333043,1
val,S02_AC05_F00061,reliability_weighted_static_fusion,1,0.45391482,0.54608518,0.4554261,0.5445739,0.72581,0.75,0.4918045,0.5081955,0.45468284,0.54531716,1
val,S02_AC05_F00091,reliability_weighted_static_fusion,1,0.45269608,0.54730392,0.41484332,0.58515668,0.72581,0.75,0.4918045,0.5081955,0.43345948,0.56654052,1
val,S02_AC05_F00121,reliability_weighted_static_fusion,1,0.4708029,0.5291971,0.3518669,0.6481331,0.72581,0.75,0.4918045,0.5081955,0.41036016,0.58963984,1
val,S02_AC05_F00151,reliability_weighted_static_fusion,1,0.42045677,0.57954323,0.44043976,0.55956024,0.72581,0.75,0.4918045,0.5081955,0.43061203,0.56938797,1
val,S02_AC05_F00181,reliability_weighted_static_fusion,1,0.47235471,0.52764529,0.34358537,0.65641463,0.72581,0.75,0.4918045,0.5081955,0.40691471,0.59308529,1
val,S02_AC06_F00001,reliability_weighted_static_fusion,1,0.64565456,0.35434544,0.56597331,0.43402669,0.72581,0.75,0.4918045,0.5081955,0.60516091,0.39483909,0
val,S02_AC06_F00031,reliability_weighted_static_fusion,1,0.51187447,0.48812553,0.47003549,0.52996451,0.72581,0.75,0.4918045,0.5081955,0.49061209,0.50938791,1
val,S02_AC06_F00061,reliability_weighted_static_fusion,1,0.63964009,0.36035991,0.53746879,0.46253121,0.72581,0.75,0.4918045,0.5081955,0.5877171,0.4122829,0
val,S02_AC06_F00091,reliability_weighted_static_fusion,1,0.66202664,0.33797336,0.48044246,0.51955754,0.72581,0.75,0.4918045,0.5081955,0.56974638,0.43025362,0
val,S02_AC06_F00121,reliability_weighted_static_fusion,1,0.38545197,0.61454803,0.3380087,0.6619913,0.72581,0.75,0.4918045,0.5081955,0.36134152,0.63865848,1
val,S02_AC07_F00001,reliability_weighted_static_fusion,1,0.59499854,0.40500146,0.47475088,0.52524912,0.72581,0.75,0.4918045,0.5081955,0.53388922,0.46611078,0
val,S02_AC07_F00031,reliability_weighted_static_fusion,1,0.24741679,0.75258321,0.39304739,0.60695261,0.72581,0.75,0.4918045,0.5081955,0.32142561,0.67857439,1
val,S02_AC07_F00061,reliability_weighted_static_fusion,1,0.08803958,0.91196042,0.34168786,0.65831214,0.72581,0.75,0.4918045,0.5081955,0.21694249,0.78305751,1
val,S02_AC07_F00091,reliability_weighted_static_fusion,1,0.09243256,0.90756744,0.37371629,0.62628371,0.72581,0.75,0.4918045,0.5081955,0.23537969,0.76462031,1
val,S02_AC07_F00121,reliability_weighted_static_fusion,1,0.1159901,0.8840099,0.27464968,0.72535032,0.72581,0.75,0.4918045,0.5081955,0.19662019,0.80337981,1
val,S02_AC08_F00001,reliability_weighted_static_fusion,1,0.26639348,0.73360652,0.59259871,0.40740129,0.72581,0.75,0.4918045,0.5081955,0.43216951,0.56783049,1
val,S02_AC08_F00031,reliability_weighted_static_fusion,1,0.590462,0.409538,0.34066111,0.65933889,0.72581,0.75,0.4918045,0.5081955,0.46351431,0.53648569,1
val,S02_AC08_F00061,reliability_weighted_static_fusion,1,0.48423415,0.51576585,0.36292183,0.63707817,0.72581,0.75,0.4918045,0.5081955,0.42258378,0.57741622,1
val,S02_AC08_F00091,reliability_weighted_static_fusion,1,0.66571409,0.33428591,0.34162843,0.65837157,0.72581,0.75,0.4918045,0.5081955,0.50101521,0.49898479,0
val,S02_AC08_F00121,reliability_weighted_static_fusion,1,0.81380469,0.18619531,0.36566907,0.63433093,0.72581,0.75,0.4918045,0.5081955,0.58606418,0.41393582,0
val,S02_AC09_F00001,reliability_weighted_static_fusion,1,0.66266918,0.33733082,0.3056798,0.6943202,0.72581,0.75,0.4918045,0.5081955,0.48124878,0.51875122,1
val,S02_AC09_F00031,reliability_weighted_static_fusion,1,0.29563898,0.70436102,0.38682956,0.61317044,0.72581,0.75,0.4918045,0.5081955,0.34198162,0.65801838,1
val,S02_AC09_F00061,reliability_weighted_static_fusion,1,0.34847319,0.65152681,0.35655636,0.64344364,0.72581,0.75,0.4918045,0.5081955,0.35258102,0.64741898,1
val,S02_AC09_F00091,reliability_weighted_static_fusion,1,0.09134227,0.90865773,0.42245579,0.57754421,0.72581,0.75,0.4918045,0.5081955,0.25961267,0.74038733,1
val,S03_AC01_F00001,reliability_weighted_static_fusion,0,0.57804191,0.42195809,0.51757336,0.48242664,0.72581,0.75,0.4918045,0.5081955,0.54731206,0.45268794,0
val,S03_AC01_F00031,reliability_weighted_static_fusion,0,0.62459415,0.37540585,0.53705904,0.46294096,0.72581,0.75,0.4918045,0.5081955,0.5801092,0.4198908,0
val,S03_AC01_F00061,reliability_weighted_static_fusion,0,0.5999566,0.4000434,0.57154262,0.42845738,0.72581,0.75,0.4918045,0.5081955,0.58551674,0.41448326,0
val,S03_AC01_F00091,reliability_weighted_static_fusion,0,0.70857638,0.29142362,0.58021826,0.41978174,0.72581,0.75,0.4918045,0.5081955,0.64334536,0.35665464,0
val,S03_AC01_F00121,reliability_weighted_static_fusion,0,0.06131673,0.93868327,0.48568904,0.51431096,0.72581,0.75,0.4918045,0.5081955,0.27698083,0.72301917,1
val,S03_AC05_F00001,reliability_weighted_static_fusion,1,0.20485234,0.79514766,0.18584496,0.81415504,0.72581,0.75,0.4918045,0.5081955,0.19519288,0.80480712,1
val,S03_AC05_F00031,reliability_weighted_static_fusion,1,0.17705494,0.82294506,0.23981512,0.76018488,0.72581,0.75,0.4918045,0.5081955,0.20894938,0.79105062,1
val,S03_AC05_F00061,reliability_weighted_static_fusion,1,0.24632293,0.75367707,0.33953947,0.66046053,0.72581,0.75,0.4918045,0.5081955,0.29369516,0.70630484,1
val,S03_AC05_F00091,reliability_weighted_static_fusion,1,0.2646656,0.7353344,0.19098443,0.80901557,0.72581,0.75,0.4918045,0.5081955,0.22722116,0.77277884,1
val,S03_AC05_F00121,reliability_weighted_static_fusion,1,0.27407235,0.72592765,0.48472756,0.51527244,0.72581,0.75,0.4918045,0.5081955,0.38112638,0.61887362,1
val,S03_AC06_F00001,reliability_weighted_static_fusion,1,0.26647884,0.73352116,0.25156599,0.74843401,0.72581,0.75,0.4918045,0.5081955,0.2589002,0.7410998,1
val,S03_AC06_F00031,reliability_weighted_static_fusion,1,0.51627225,0.48372775,0.32692355,0.67307645,0.72581,0.75,0.4918045,0.5081955,0.42004609,0.57995391,1
val,S03_AC06_F00061,reliability_weighted_static_fusion,1,0.2428205,0.7571795,0.36088395,0.63911605,0.72581,0.75,0.4918045,0.5081955,0.30281982,0.69718018,1
val,S03_AC06_F00091,reliability_weighted_static_fusion,1,0.15341079,0.84658921,0.30009067,0.69990933,0.72581,0.75,0.4918045,0.5081955,0.22795285,0.77204715,1
val,S03_AC06_F00121,reliability_weighted_static_fusion,1,0.26883692,0.73116308,0.1858356,0.8141644,0.72581,0.75,0.4918045,0.5081955,0.22665602,0.77334398,1
val,S03_AC07_F00001,reliability_weighted_static_fusion,1,0.10434383,0.89565617,0.38451684,0.61548316,0.72581,0.75,0.4918045,0.5081955,0.24672649,0.75327351,1
val,S03_AC07_F00031,reliability_weighted_static_fusion,1,0.2609635,0.7390365,0.28589201,0.71410799,0.72581,0.75,0.4918045,0.5081955,0.27363206,0.72636794,1
val,S03_AC07_F00061,reliability_weighted_static_fusion,1,0.13651806,0.86348194,0.32054144,0.67945856,0.72581,0.75,0.4918045,0.5081955,0.23003791,0.76996209,1
val,S03_AC07_F00091,reliability_weighted_static_fusion,1,0.15055096,0.84944904,0.19159508,0.80840492,0.72581,0.75,0.4918045,0.5081955,0.1714094,0.8285906,1
val,S03_AC07_F00121,reliability_weighted_static_fusion,1,0.22086823,0.77913177,0.26712048,0.73287952,0.72581,0.75,0.4918045,0.5081955,0.24437342,0.75562658,1
val,S03_AC07_F00151,reliability_weighted_static_fusion,1,0.21324569,0.78675431,0.23004937,0.76995063,0.72581,0.75,0.4918045,0.5081955,0.22178525,0.77821475,1
val,S03_AC07_F00181,reliability_weighted_static_fusion,1,0.10639668,0.89360332,0.08916879,0.91083121,0.72581,0.75,0.4918045,0.5081955,0.09764154,0.90235846,1
val,S03_AC08_F00001,reliability_weighted_static_fusion,1,0.43296927,0.56703073,0.49675137,0.50324863,0.72581,0.75,0.4918045,0.5081955,0.46538305,0.53461695,1
val,S03_AC08_F00031,reliability_weighted_static_fusion,1,0.20399803,0.79600197,0.44658834,0.55341166,0.72581,0.75,0.4918045,0.5081955,0.32728133,0.67271867,1
val,S03_AC08_F00061,reliability_weighted_static_fusion,1,0.1857118,0.8142882,0.46052361,0.53947639,0.72581,0.75,0.4918045,0.5081955,0.32536992,0.67463008,1
val,S03_AC08_F00091,reliability_weighted_static_fusion,1,0.1108259,0.8891741,0.44584656,0.55415344,0.72581,0.75,0.4918045,0.5081955,0.28108189,0.71891811,1
val,S03_AC08_F00121,reliability_weighted_static_fusion,1,0.68741521,0.31258479,0.42055225,0.57944775,0.72581,0.75,0.4918045,0.5081955,0.55179666,0.44820334,0
val,S03_AC08_F00151,reliability_weighted_static_fusion,1,0.54552978,0.45447022,0.43064672,0.56935328,0.72581,0.75,0.4918045,0.5081955,0.48714673,0.51285327,1
val,S03_AC09_F00001,reliability_weighted_static_fusion,1,0.17805916,0.82194084,0.50653389,0.49346611,0.72581,0.75,0.4918045,0.5081955,0.34498854,0.65501146,1
val,S03_AC09_F00031,reliability_weighted_static_fusion,1,0.45133567,0.54866433,0.4240821,0.5759179,0.72581,0.75,0.4918045,0.5081955,0.43748553,0.56251447,1
val,S03_AC09_F00061,reliability_weighted_static_fusion,1,0.20599931,0.79400069,0.51595357,0.48404643,0.72581,0.75,0.4918045,0.5081955,0.36351667,0.63648333,1
val,S03_AC09_F00091,reliability_weighted_static_fusion,1,0.05780309,0.94219691,0.48254299,0.51745701,0.72581,0.75,0.4918045,0.5081955,0.273654,0.726346,1
val,S03_AC09_F00121,reliability_weighted_static_fusion,1,0.19103873,0.80896127,0.45034367,0.54965633,0.72581,0.75,0.4918045,0.5081955,0.32281633,0.67718367,1
val,S15_AC01_F00001,reliability_weighted_static_fusion,0,0.42769206,0.57230794,0.523581,0.476419,0.72581,0.75,0.4918045,0.5081955,0.47642238,0.52357762,1
val,S15_AC01_F00031,reliability_weighted_static_fusion,0,0.76561508,0.23438492,0.54473501,0.45526499,0.72581,0.75,0.4918045,0.5081955,0.65336482,0.34663518,0
val,S15_AC01_F00061,reliability_weighted_static_fusion,0,0.84882228,0.15117772,0.52642068,0.47357932,0.72581,0.75,0.4918045,0.5081955,0.68497924,0.31502076,0
val,S15_AC01_F00091,reliability_weighted_static_fusion,0,0.74394268,0.25605732,0.54377744,0.45622256,0.72581,0.75,0.4918045,0.5081955,0.6422196,0.3577804,0
val,S15_AC05_F00001,reliability_weighted_static_fusion,1,0.47287297,0.52712703,0.3173849,0.6826151,0.72581,0.75,0.4918045,0.5081955,0.39385463,0.60614537,1
val,S15_AC05_F00031,reliability_weighted_static_fusion,1,0.50201303,0.49798697,0.29839402,0.70160598,0.72581,0.75,0.4918045,0.5081955,0.39853477,0.60146523,1
val,S15_AC05_F00061,reliability_weighted_static_fusion,1,0.31347775,0.68652225,0.38100529,0.61899471,0.72581,0.75,0.4918045,0.5081955,0.34779494,0.65220506,1
val,S15_AC06_F00001,reliability_weighted_static_fusion,1,0.06831783,0.93168217,0.38254297,0.61745703,0.72581,0.75,0.4918045,0.5081955,0.22800563,0.77199437,1
val,S15_AC06_F00031,reliability_weighted_static_fusion,1,0.21439666,0.78560334,0.52927709,0.47072291,0.72581,0.75,0.4918045,0.5081955,0.37441747,0.62558253,1
val,S15_AC06_F00061,reliability_weighted_static_fusion,1,0.31117791,0.68882209,0.42039716,0.57960284,0.72581,0.75,0.4918045,0.5081955,0.36668264,0.63331736,1
val,S15_AC06_F00091,reliability_weighted_static_fusion,1,0.29592365,0.70407635,0.48795921,0.51204079,0.72581,0.75,0.4918045,0.5081955,0.39351526,0.60648474,1
val,S15_AC07_F00001,reliability_weighted_static_fusion,1,0.04968977,0.95031023,0.15847164,0.84152836,0.72581,0.75,0.4918045,0.5081955,0.10497223,0.89502777,1
val,S15_AC07_F00031,reliability_weighted_static_fusion,1,0.14708722,0.85291278,0.30258709,0.69741291,0.72581,0.75,0.4918045,0.5081955,0.22611155,0.77388845,1
val,S15_AC07_F00061,reliability_weighted_static_fusion,1,0.2935403,0.7064597,0.2827943,0.7172057,0.72581,0.75,0.4918045,0.5081955,0.28807923,0.71192077,1
val,S15_AC08_F00001,reliability_weighted_static_fusion,1,0.13609153,0.86390847,0.38194585,0.61805415,0.72581,0.75,0.4918045,0.5081955,0.26103359,0.73896641,1
val,S15_AC08_F00031,reliability_weighted_static_fusion,1,0.14326435,0.85673565,0.52982584,0.47017416,0.72581,0.75,0.4918045,0.5081955,0.33971316,0.66028684,1
val,S15_AC08_F00061,reliability_weighted_static_fusion,1,0.14593053,0.85406947,0.48134959,0.51865041,0.72581,0.75,0.4918045,0.5081955,0.31638898,0.68361102,1
val,S15_AC08_F00091,reliability_weighted_static_fusion,1,0.1046809,0.8953191,0.46886653,0.53113347,0.72581,0.75,0.4918045,0.5081955,0.28975839,0.71024161,1
val,S15_AC08_F00121,reliability_weighted_static_fusion,1,0.22036183,0.77963817,0.39285439,0.60714561,0.72581,0.75,0.4918045,0.5081955,0.30802177,0.69197823,1
val,S15_AC09_F00001,reliability_weighted_static_fusion,1,0.34426057,0.65573943,0.46467966,0.53532034,0.72581,0.75,0.4918045,0.5081955,0.40545701,0.59454299,1
val,S15_AC09_F00031,reliability_weighted_static_fusion,1,0.08884579,0.91115421,0.29297036,0.70702964,0.72581,0.75,0.4918045,0.5081955,0.19258098,0.80741902,1
val,S15_AC09_F00061,reliability_weighted_static_fusion,1,0.1583432,0.8416568,0.1314671,0.8685329,0.72581,0.75,0.4918045,0.5081955,0.14468489,0.85531511,1
val,S15_AC09_F00091,reliability_weighted_static_fusion,1,0.21455586,0.78544414,0.33773071,0.66226929,0.72581,0.75,0.4918045,0.5081955,0.27715276,0.72284724,1
val,S15_AC09_F00121,reliability_weighted_static_fusion,1,0.16415942,0.83584058,0.33380049,0.66619951,0.72581,0.75,0.4918045,0.5081955,0.25037025,0.74962975,1
val,S20_AC01_F00001,reliability_weighted_static_fusion,0,0.43050981,0.56949019,0.23013008,0.76986992,0.72581,0.75,0.4918045,0.5081955,0.32867773,0.67132227,1
val,S20_AC01_F00031,reliability_weighted_static_fusion,0,0.43107224,0.56892776,0.28488731,0.71511269,0.72581,0.75,0.4918045,0.5081955,0.35678172,0.64321828,1
val,S20_AC01_F00061,reliability_weighted_static_fusion,0,0.32538718,0.67461282,0.32195646,0.67804354,0.72581,0.75,0.4918045,0.5081955,0.3236437,0.6763563,1
val,S20_AC01_F00091,reliability_weighted_static_fusion,0,0.37847173,0.62152827,0.29492539,0.70507461,0.72581,0.75,0.4918045,0.5081955,0.33601386,0.66398614,1
val,S20_AC05_F00001,reliability_weighted_static_fusion,1,0.22581059,0.77418941,0.2405175,0.7594825,0.72581,0.75,0.4918045,0.5081955,0.23328457,0.76671543,1
val,S20_AC05_F00031,reliability_weighted_static_fusion,1,0.32379484,0.67620516,0.3688584,0.6311416,0.72581,0.75,0.4918045,0.5081955,0.34669594,0.65330406,1
val,S20_AC05_F00061,reliability_weighted_static_fusion,1,0.31867814,0.68132186,0.35586733,0.64413267,0.72581,0.75,0.4918045,0.5081955,0.33757752,0.66242248,1
val,S20_AC05_F00091,reliability_weighted_static_fusion,1,0.30500144,0.69499856,0.49969685,0.50030315,0.72581,0.75,0.4918045,0.5081955,0.40394477,0.59605523,1
val,S20_AC05_F00121,reliability_weighted_static_fusion,1,0.2617709,0.7382291,0.36342424,0.63657576,0.72581,0.75,0.4918045,0.5081955,0.31343067,0.68656933,1
val,S20_AC06_F00001,reliability_weighted_static_fusion,1,0.30847323,0.69152677,0.22768617,0.77231383,0.72581,0.75,0.4918045,0.5081955,0.26741761,0.73258239,1
val,S20_AC06_F00031,reliability_weighted_static_fusion,1,0.26219398,0.73780602,0.24015528,0.75984472,0.72581,0.75,0.4918045,0.5081955,0.25099401,0.74900599,1
val,S20_AC06_F00061,reliability_weighted_static_fusion,1,0.1662547,0.8337453,0.26657331,0.73342669,0.72581,0.75,0.4918045,0.5081955,0.21723617,0.78276383,1
val,S20_AC06_F00091,reliability_weighted_static_fusion,1,0.20768803,0.79231197,0.23490411,0.76509589,0.72581,0.75,0.4918045,0.5081955,0.22151912,0.77848088,1
val,S20_AC06_F00121,reliability_weighted_static_fusion,1,0.11614162,0.88385838,0.30649698,0.69350302,0.72581,0.75,0.4918045,0.5081955,0.21287935,0.78712065,1
val,S20_AC07_F00001,reliability_weighted_static_fusion,1,0.25442511,0.74557489,0.25530541,0.74469459,0.72581,0.75,0.4918045,0.5081955,0.25487247,0.74512753,1
val,S20_AC07_F00031,reliability_weighted_static_fusion,1,0.33113569,0.66886431,0.26367885,0.73632115,0.72581,0.75,0.4918045,0.5081955,0.29685443,0.70314557,1
val,S20_AC07_F00061,reliability_weighted_static_fusion,1,0.22992194,0.77007806,0.2099309,0.7900691,0.72581,0.75,0.4918045,0.5081955,0.21976258,0.78023742,1
val,S20_AC07_F00091,reliability_weighted_static_fusion,1,0.14408177,0.85591823,0.19948578,0.80051422,0.72581,0.75,0.4918045,0.5081955,0.17223784,0.82776216,1
val,S20_AC07_F00121,reliability_weighted_static_fusion,1,0.2282961,0.7717039,0.24473375,0.75526625,0.72581,0.75,0.4918045,0.5081955,0.23664964,0.76335036,1
val,S20_AC07_F00151,reliability_weighted_static_fusion,1,0.2489484,0.7510516,0.27087629,0.72912371,0.72581,0.75,0.4918045,0.5081955,0.26009205,0.73990795,1
val,S20_AC08_F00001,reliability_weighted_static_fusion,1,0.25671667,0.74328333,0.23470861,0.76529139,0.72581,0.75,0.4918045,0.5081955,0.24553227,0.75446773,1
val,S20_AC08_F00031,reliability_weighted_static_fusion,1,0.20687205,0.79312795,0.30443943,0.69556057,0.72581,0.75,0.4918045,0.5081955,0.25645535,0.74354465,1
val,S20_AC08_F00061,reliability_weighted_static_fusion,1,0.26748323,0.73251677,0.22548085,0.77451915,0.72581,0.75,0.4918045,0.5081955,0.24613781,0.75386219,1
val,S20_AC08_F00091,reliability_weighted_static_fusion,1,0.16126621,0.83873379,0.29858923,0.70141077,0.72581,0.75,0.4918045,0.5081955,0.23105315,0.76894685,1
val,S20_AC08_F00121,reliability_weighted_static_fusion,1,0.28449136,0.71550864,0.34853488,0.65146512,0.72581,0.75,0.4918045,0.5081955,0.31703799,0.68296201,1
val,S20_AC08_F00151,reliability_weighted_static_fusion,1,0.41171789,0.58828211,0.24209392,0.75790608,0.72581,0.75,0.4918045,0.5081955,0.32551575,0.67448425,1
val,S20_AC09_F00001,reliability_weighted_static_fusion,1,0.03208786,0.96791214,0.29669386,0.70330614,0.72581,0.75,0.4918045,0.5081955,0.16655944,0.83344056,1
val,S20_AC09_F00031,reliability_weighted_static_fusion,1,0.11337268,0.88662732,0.25527853,0.74472147,0.72581,0.75,0.4918045,0.5081955,0.18548859,0.81451141,1
val,S20_AC09_F00061,reliability_weighted_static_fusion,1,0.07706815,0.92293185,0.27644807,0.72355193,0.72581,0.75,0.4918045,0.5081955,0.17839213,0.82160787,1
val,S20_AC09_F00091,reliability_weighted_static_fusion,1,0.09335369,0.90664631,0.32923126,0.67076874,0.72581,0.75,0.4918045,0.5081955,0.21322561,0.78677439,1
val,S20_AC09_F00121,reliability_weighted_static_fusion,1,0.06422561,0.93577439,0.37976533,0.62023467,0.72581,0.75,0.4918045,0.5081955,0.22458148,0.77541852,1
val,S22_AC01_F00001,reliability_weighted_static_fusion,0,0.17739642,0.82260358,0.29784167,0.70215833,0.72581,0.75,0.4918045,0.5081955,0.23860615,0.76139385,1
val,S22_AC01_F00031,reliability_weighted_static_fusion,0,0.21057469,0.78942531,0.53888834,0.46111166,0.72581,0.75,0.4918045,0.5081955,0.37742221,0.62257779,1
val,S22_AC01_F00061,reliability_weighted_static_fusion,0,0.59153557,0.40846443,0.44786912,0.55213088,0.72581,0.75,0.4918045,0.5081955,0.51852493,0.48147507,0
val,S22_AC01_F00091,reliability_weighted_static_fusion,0,0.09877402,0.90122598,0.51344144,0.48655856,0.72581,0.75,0.4918045,0.5081955,0.30950614,0.69049386,1
val,S22_AC05_F00001,reliability_weighted_static_fusion,1,0.29599261,0.70400739,0.38361657,0.61638343,0.72581,0.75,0.4918045,0.5081955,0.34052271,0.65947729,1
val,S22_AC05_F00031,reliability_weighted_static_fusion,1,0.25886011,0.74113989,0.41050565,0.58949435,0.72581,0.75,0.4918045,0.5081955,0.33592569,0.66407431,1
val,S22_AC05_F00061,reliability_weighted_static_fusion,1,0.19453841,0.80546159,0.39563626,0.60436374,0.72581,0.75,0.4918045,0.5081955,0.29673543,0.70326457,1
val,S22_AC05_F00091,reliability_weighted_static_fusion,1,0.35463279,0.64536721,0.34554076,0.65445924,0.72581,0.75,0.4918045,0.5081955,0.35001226,0.64998774,1
val,S22_AC06_F00001,reliability_weighted_static_fusion,1,0.61079261,0.38920739,0.46271348,0.53728652,0.72581,0.75,0.4918045,0.5081955,0.53553946,0.46446054,0
val,S22_AC06_F00031,reliability_weighted_static_fusion,1,0.66583097,0.33416903,0.28226084,0.71773916,0.72581,0.75,0.4918045,0.5081955,0.47090235,0.52909765,1
val,S22_AC06_F00061,reliability_weighted_static_fusion,1,0.44306719,0.55693281,0.33899939,0.66100061,0.72581,0.75,0.4918045,0.5081955,0.3901804,0.6098196,1
val,S22_AC06_F00091,reliability_weighted_static_fusion,1,0.45017993,0.54982007,0.4047026,0.5952974,0.72581,0.75,0.4918045,0.5081955,0.42706856,0.57293144,1
val,S22_AC06_F00121,reliability_weighted_static_fusion,1,0.41615212,0.58384788,0.37193149,0.62806851,0.72581,0.75,0.4918045,0.5081955,0.3936794,0.6063206,1
val,S22_AC07_F00001,reliability_weighted_static_fusion,1,0.25849527,0.74150473,0.19781274,0.80218726,0.72581,0.75,0.4918045,0.5081955,0.22765668,0.77234332,1
val,S22_AC07_F00031,reliability_weighted_static_fusion,1,0.290353,0.709647,0.13235605,0.86764395,0.72581,0.75,0.4918045,0.5081955,0.21005966,0.78994034,1
val,S22_AC07_F00061,reliability_weighted_static_fusion,1,0.1784659,0.8215341,0.21690422,0.78309578,0.72581,0.75,0.4918045,0.5081955,0.19800008,0.80199992,1
val,S22_AC07_F00091,reliability_weighted_static_fusion,1,0.12922233,0.87077767,0.27669251,0.72330749,0.72581,0.75,0.4918045,0.5081955,0.20416601,0.79583399,1
val,S22_AC07_F00121,reliability_weighted_static_fusion,1,0.12713844,0.87286156,0.17324543,0.82675457,0.72581,0.75,0.4918045,0.5081955,0.1505698,0.8494302,1
val,S22_AC08_F00001,reliability_weighted_static_fusion,1,0.20390099,0.79609901,0.40074456,0.59925544,0.72581,0.75,0.4918045,0.5081955,0.30393601,0.69606399,1
val,S22_AC08_F00031,reliability_weighted_static_fusion,1,0.44227308,0.55772692,0.56936207,0.43063793,0.72581,0.75,0.4918045,0.5081955,0.50685914,0.49314086,0
val,S22_AC08_F00061,reliability_weighted_static_fusion,1,0.21483946,0.78516054,0.33562273,0.66437727,0.72581,0.75,0.4918045,0.5081955,0.27622097,0.72377903,1
val,S22_AC08_F00091,reliability_weighted_static_fusion,1,0.198524,0.801476,0.32607698,0.67392302,0.72581,0.75,0.4918045,0.5081955,0.26334585,0.73665415,1
val,S22_AC09_F00001,reliability_weighted_static_fusion,1,0.50634426,0.49365574,0.45315826,0.54684174,0.72581,0.75,0.4918045,0.5081955,0.47931537,0.52068463,1
val,S22_AC09_F00031,reliability_weighted_static_fusion,1,0.18819612,0.81180388,0.47553962,0.52446038,0.72581,0.75,0.4918045,0.5081955,0.3342228,0.6657772,1
val,S22_AC09_F00061,reliability_weighted_static_fusion,1,0.33582383,0.66417617,0.36237806,0.63762194,0.72581,0.75,0.4918045,0.5081955,0.34931857,0.65068143,1
val,S22_AC09_F00091,reliability_weighted_static_fusion,1,0.13719541,0.86280459,0.41146952,0.58853048,0.72581,0.75,0.4918045,0.5081955,0.27658028,0.72341972,1
val,S22_AC09_F00121,reliability_weighted_static_fusion,1,0.25038248,0.74961752,0.34677327,0.65322673,0.72581,0.75,0.4918045,0.5081955,0.29936785,0.70063215,1
val,S22_AC09_F00151,reliability_weighted_static_fusion,1,0.18115914,0.81884086,0.32859468,0.67140532,0.72581,0.75,0.4918045,0.5081955,0.25608522,0.74391478,1
val,S27_AC01_F00001,reliability_weighted_static_fusion,0,0.58585119,0.41414881,0.47768545,0.52231455,0.72581,0.75,0.4918045,0.5081955,0.53088185,0.46911815,0
val,S27_AC01_F00031,reliability_weighted_static_fusion,0,0.59759665,0.40240335,0.53237405,0.46762595,0.72581,0.75,0.4918045,0.5081955,0.56445082,0.43554918,0
val,S27_AC01_F00061,reliability_weighted_static_fusion,0,0.04800183,0.95199817,0.18385166,0.81614834,0.72581,0.75,0.4918045,0.5081955,0.1170401,0.8829599,1
val,S27_AC05_F00001,reliability_weighted_static_fusion,1,0.17804211,0.82195789,0.36144984,0.63855016,0.72581,0.75,0.4918045,0.5081955,0.27124909,0.72875091,1
val,S27_AC05_F00031,reliability_weighted_static_fusion,1,0.16065407,0.83934593,0.34615612,0.65384388,0.72581,0.75,0.4918045,0.5081955,0.25492538,0.74507462,1
val,S27_AC05_F00061,reliability_weighted_static_fusion,1,0.28404492,0.71595508,0.36976117,0.63023883,0.72581,0.75,0.4918045,0.5081955,0.32760553,0.67239447,1
val,S27_AC05_F00091,reliability_weighted_static_fusion,1,0.17384034,0.82615966,0.35265511,0.64734489,0.72581,0.75,0.4918045,0.5081955,0.2647132,0.7352868,1
val,S27_AC06_F00001,reliability_weighted_static_fusion,1,0.06831819,0.93168181,0.35454226,0.64545774,0.72581,0.75,0.4918045,0.5081955,0.21377597,0.78622403,1
val,S27_AC06_F00031,reliability_weighted_static_fusion,1,0.1278674,0.8721326,0.32642496,0.67357504,0.72581,0.75,0.4918045,0.5081955,0.22877346,0.77122654,1
val,S27_AC06_F00061,reliability_weighted_static_fusion,1,0.12353772,0.87646228,0.23570836,0.76429164,0.72581,0.75,0.4918045,0.5081955,0.18054233,0.81945767,1
val,S27_AC07_F00001,reliability_weighted_static_fusion,1,0.38415474,0.61584526,0.40686643,0.59313357,0.72581,0.75,0.4918045,0.5081955,0.39569672,0.60430328,1
val,S27_AC07_F00031,reliability_weighted_static_fusion,1,0.09318501,0.90681499,0.32595021,0.67404979,0.72581,0.75,0.4918045,0.5081955,0.21147523,0.78852477,1
val,S27_AC07_F00061,reliability_weighted_static_fusion,1,0.11053371,0.88946629,0.27900958,0.72099042,0.72581,0.75,0.4918045,0.5081955,0.19615239,0.80384761,1
val,S27_AC07_F00091,reliability_weighted_static_fusion,1,0.20713693,0.79286307,0.31024462,0.68975538,0.72581,0.75,0.4918045,0.5081955,0.25953579,0.74046421,1
val,S27_AC08_F00001,reliability_weighted_static_fusion,1,0.27102357,0.72897643,0.24457246,0.75542754,0.72581,0.75,0.4918045,0.5081955,0.25758124,0.74241876,1
val,S27_AC08_F00031,reliability_weighted_static_fusion,1,0.16891831,0.83108169,0.39144325,0.60855675,0.72581,0.75,0.4918045,0.5081955,0.28200449,0.71799551,1
val,S27_AC08_F00061,reliability_weighted_static_fusion,1,0.13581318,0.86418682,0.43692207,0.56307793,0.72581,0.75,0.4918045,0.5081955,0.28883536,0.71116464,1
val,S27_AC08_F00091,reliability_weighted_static_fusion,1,0.18572116,0.81427884,0.27689487,0.72310513,0.72581,0.75,0.4918045,0.5081955,0.23205523,0.76794477,1
val,S27_AC09_F00001,reliability_weighted_static_fusion,1,0.17295003,0.82704997,0.15858501,0.84141499,0.72581,0.75,0.4918045,0.5081955,0.16564979,0.83435021,1
val,S27_AC09_F00031,reliability_weighted_static_fusion,1,0.07145995,0.92854005,0.23564607,0.76435393,0.72581,0.75,0.4918045,0.5081955,0.1548986,0.8451014,1
val,S27_AC09_F00061,reliability_weighted_static_fusion,1,0.19627929,0.80372071,0.25729233,0.74270767,0.72581,0.75,0.4918045,0.5081955,0.22728584,0.77271416,1
val,S27_AC09_F00091,reliability_weighted_static_fusion,1,0.11681533,0.88318467,0.38352901,0.61647099,0.72581,0.75,0.4918045,0.5081955,0.25235802,0.74764198,1
val,S41_AC01_F00001,reliability_weighted_static_fusion,0,0.31344563,0.68655437,0.27328908,0.72671092,0.72581,0.75,0.4918045,0.5081955,0.29303825,0.70696175,1
val,S41_AC01_F00031,reliability_weighted_static_fusion,0,0.4465943,0.5534057,0.27288538,0.72711462,0.72581,0.75,0.4918045,0.5081955,0.35831621,0.64168379,1
val,S41_AC01_F00061,reliability_weighted_static_fusion,0,0.75925405,0.24074595,0.39279604,0.60720396,0.72581,0.75,0.4918045,0.5081955,0.57302174,0.42697826,0
val,S41_AC01_F00091,reliability_weighted_static_fusion,0,0.53722554,0.46277446,0.20470935,0.79529065,0.72581,0.75,0.4918045,0.5081955,0.36824231,0.63175769,1
val,S41_AC01_F00121,reliability_weighted_static_fusion,0,0.51069281,0.48930719,0.24838281,0.75161719,0.72581,0.75,0.4918045,0.5081955,0.37738804,0.62261196,1
val,S41_AC05_F00001,reliability_weighted_static_fusion,1,0.54098952,0.45901048,0.2425108,0.7574892,0.72581,0.75,0.4918045,0.5081955,0.38930397,0.61069603,1
val,S41_AC05_F00031,reliability_weighted_static_fusion,1,0.4691956,0.5308044,0.21067935,0.78932065,0.72581,0.75,0.4918045,0.5081955,0.33781881,0.66218119,1
val,S41_AC05_F00061,reliability_weighted_static_fusion,1,0.10973316,0.89026684,0.26773542,0.73226458,0.72581,0.75,0.4918045,0.5081955,0.1900292,0.8099708,1
val,S41_AC05_F00091,reliability_weighted_static_fusion,1,0.17786139,0.82213861,0.13699162,0.86300838,0.72581,0.75,0.4918045,0.5081955,0.15709156,0.84290844,1
val,S41_AC05_F00121,reliability_weighted_static_fusion,1,0.11227864,0.88772136,0.16815144,0.83184856,0.72581,0.75,0.4918045,0.5081955,0.14067294,0.85932706,1
val,S41_AC06_F00001,reliability_weighted_static_fusion,1,0.5894331,0.4105669,0.17916501,0.82083499,0.72581,0.75,0.4918045,0.5081955,0.3809367,0.6190633,1
val,S41_AC06_F00031,reliability_weighted_static_fusion,1,0.24542898,0.75457102,0.3066752,0.6933248,0.72581,0.75,0.4918045,0.5081955,0.27655403,0.72344597,1
val,S41_AC06_F00061,reliability_weighted_static_fusion,1,0.29268748,0.70731252,0.23642135,0.76357865,0.72581,0.75,0.4918045,0.5081955,0.26409328,0.73590672,1
val,S41_AC06_F00091,reliability_weighted_static_fusion,1,0.24267626,0.75732374,0.2141673,0.7858327,0.72581,0.75,0.4918045,0.5081955,0.22818813,0.77181187,1
val,S41_AC06_F00121,reliability_weighted_static_fusion,1,0.10929829,0.89070171,0.18227559,0.81772441,0.72581,0.75,0.4918045,0.5081955,0.14638503,0.85361497,1
val,S41_AC06_F00151,reliability_weighted_static_fusion,1,0.46552151,0.53447849,0.26625609,0.73374391,0.72581,0.75,0.4918045,0.5081955,0.36425572,0.63574428,1
val,S41_AC07_F00001,reliability_weighted_static_fusion,1,0.20674682,0.79325318,0.31003666,0.68996334,0.72581,0.75,0.4918045,0.5081955,0.25923825,0.74076175,1
val,S41_AC07_F00031,reliability_weighted_static_fusion,1,0.24315721,0.75684279,0.16120899,0.83879101,0.72581,0.75,0.4918045,0.5081955,0.20151149,0.79848851,1
val,S41_AC07_F00061,reliability_weighted_static_fusion,1,0.18747747,0.81252253,0.14733642,0.85266358,0.72581,0.75,0.4918045,0.5081955,0.16707797,0.83292203,1
val,S41_AC07_F00091,reliability_weighted_static_fusion,1,0.35790139,0.64209861,0.0982281,0.9017719,0.72581,0.75,0.4918045,0.5081955,0.22593659,0.77406341,1
val,S41_AC07_F00121,reliability_weighted_static_fusion,1,0.17441976,0.82558024,0.13706911,0.86293089,0.72581,0.75,0.4918045,0.5081955,0.15543833,0.84456167,1
val,S41_AC08_F00001,reliability_weighted_static_fusion,1,0.48291123,0.51708877,0.28176045,0.71823955,0.72581,0.75,0.4918045,0.5081955,0.38068731,0.61931269,1
val,S41_AC08_F00031,reliability_weighted_static_fusion,1,0.1915077,0.8084923,0.34558034,0.65441966,0.72581,0.75,0.4918045,0.5081955,0.26980672,0.73019328,1
val,S41_AC08_F00061,reliability_weighted_static_fusion,1,0.35789537,0.64210463,0.28538531,0.71461469,0.72581,0.75,0.4918045,0.5081955,0.32104609,0.67895391,1
val,S41_AC08_F00091,reliability_weighted_static_fusion,1,0.341223,0.658777,0.19592422,0.80407578,0.72581,0.75,0.4918045,0.5081955,0.26738282,0.73261718,1
val,S41_AC08_F00121,reliability_weighted_static_fusion,1,0.30209273,0.69790727,0.21481109,0.78518891,0.72581,0.75,0.4918045,0.5081955,0.25773659,0.74226341,1
val,S41_AC09_F00001,reliability_weighted_static_fusion,1,0.34434074,0.65565926,0.4356032,0.5643968,0.72581,0.75,0.4918045,0.5081955,0.39071991,0.60928009,1
val,S41_AC09_F00031,reliability_weighted_static_fusion,1,0.51120335,0.48879665,0.20874834,0.79125166,0.72581,0.75,0.4918045,0.5081955,0.35749707,0.64250293,1
val,S41_AC09_F00061,reliability_weighted_static_fusion,1,0.29898942,0.70101058,0.23226422,0.76773578,0.72581,0.75,0.4918045,0.5081955,0.26507997,0.73492003,1
val,S41_AC09_F00091,reliability_weighted_static_fusion,1,0.50443357,0.49556643,0.27280849,0.72719151,0.72581,0.75,0.4918045,0.5081955,0.38672275,0.61327725,1
val,S41_AC09_F00121,reliability_weighted_static_fusion,1,0.14518434,0.85481566,0.23151654,0.76848346,0.72581,0.75,0.4918045,0.5081955,0.18905797,0.81094203,1
val,S41_AC09_F00151,reliability_weighted_static_fusion,1,0.43924999,0.56075001,0.26867771,0.73132229,0.72581,0.75,0.4918045,0.5081955,0.35256593,0.64743407,1
val,S41_AC09_F00181,reliability_weighted_static_fusion,1,0.0672695,0.9327305,0.32118481,0.67881519,0.72581,0.75,0.4918045,0.5081955,0.19630812,0.80369188,1
val,S41_AC09_F00211,reliability_weighted_static_fusion,1,0.32326186,0.67673814,0.23652625,0.76347375,0.72581,0.75,0.4918045,0.5081955,0.27918321,0.72081679,1
test,S04_AC01_F00001,average_fusion,0,0.25543672,0.74456328,0.40338564,0.59661436,0.5,0.5,0.5,0.5,0.32941118,0.67058882,1
test,S04_AC01_F00031,average_fusion,0,0.53583431,0.46416569,0.48262334,0.51737666,0.5,0.5,0.5,0.5,0.50922883,0.49077117,0
test,S04_AC01_F00061,average_fusion,0,0.48139936,0.51860064,0.49100143,0.50899857,0.5,0.5,0.5,0.5,0.48620039,0.51379961,1
test,S04_AC01_F00091,average_fusion,0,0.61192259,0.38807741,0.50025964,0.49974036,0.5,0.5,0.5,0.5,0.55609111,0.44390889,0
test,S04_AC01_F00121,average_fusion,0,0.45991921,0.54008079,0.50891671,0.49108329,0.5,0.5,0.5,0.5,0.48441796,0.51558204,1
test,S04_AC01_F00151,average_fusion,0,0.66930169,0.33069831,0.33589804,0.66410196,0.5,0.5,0.5,0.5,0.50259987,0.49740013,0
test,S04_AC05_F00001,average_fusion,1,0.13777721,0.86222279,0.30123425,0.69876575,0.5,0.5,0.5,0.5,0.21950573,0.78049427,1
test,S04_AC05_F00031,average_fusion,1,0.54381472,0.45618528,0.31579387,0.68420613,0.5,0.5,0.5,0.5,0.4298043,0.5701957,1
test,S04_AC05_F00061,average_fusion,1,0.36820823,0.63179177,0.37564915,0.62435085,0.5,0.5,0.5,0.5,0.37192869,0.62807131,1
test,S04_AC05_F00091,average_fusion,1,0.45065522,0.54934478,0.28571141,0.71428859,0.5,0.5,0.5,0.5,0.36818331,0.63181669,1
test,S04_AC06_F00001,average_fusion,1,0.33971429,0.66028571,0.31253678,0.68746322,0.5,0.5,0.5,0.5,0.32612553,0.67387447,1
test,S04_AC06_F00031,average_fusion,1,0.19844341,0.80155659,0.20837289,0.79162711,0.5,0.5,0.5,0.5,0.20340815,0.79659185,1
test,S04_AC06_F00061,average_fusion,1,0.2188105,0.7811895,0.22219616,0.77780384,0.5,0.5,0.5,0.5,0.22050333,0.77949667,1
test,S04_AC07_F00001,average_fusion,1,0.68935779,0.31064221,0.2836014,0.7163986,0.5,0.5,0.5,0.5,0.4864796,0.5135204,1
test,S04_AC07_F00031,average_fusion,1,0.09726548,0.90273452,0.25519949,0.74480051,0.5,0.5,0.5,0.5,0.17623249,0.82376751,1
test,S04_AC07_F00061,average_fusion,1,0.0464164,0.9535836,0.19465846,0.80534154,0.5,0.5,0.5,0.5,0.12053743,0.87946257,1
test,S04_AC07_F00091,average_fusion,1,0.06506628,0.93493372,0.2412833,0.7587167,0.5,0.5,0.5,0.5,0.15317479,0.84682521,1
test,S04_AC07_F00121,average_fusion,1,0.12079024,0.87920976,0.22412086,0.77587914,0.5,0.5,0.5,0.5,0.17245555,0.82754445,1
test,S04_AC08_F00001,average_fusion,1,0.34734416,0.65265584,0.34284598,0.65715402,0.5,0.5,0.5,0.5,0.34509507,0.65490493,1
test,S04_AC08_F00031,average_fusion,1,0.37302947,0.62697053,0.36772543,0.63227457,0.5,0.5,0.5,0.5,0.37037745,0.62962255,1
test,S04_AC08_F00061,average_fusion,1,0.53778601,0.46221399,0.17850775,0.82149225,0.5,0.5,0.5,0.5,0.35814688,0.64185312,1
test,S04_AC08_F00091,average_fusion,1,0.44355971,0.55644029,0.34155011,0.65844989,0.5,0.5,0.5,0.5,0.39255491,0.60744509,1
test,S04_AC08_F00121,average_fusion,1,0.36630541,0.63369459,0.53814557,0.46185443,0.5,0.5,0.5,0.5,0.45222549,0.54777451,1
test,S04_AC08_F00151,average_fusion,1,0.05866182,0.94133818,0.33430934,0.66569066,0.5,0.5,0.5,0.5,0.19648558,0.80351442,1
test,S04_AC08_F00181,average_fusion,1,0.07173544,0.92826456,0.26290011,0.73709989,0.5,0.5,0.5,0.5,0.16731778,0.83268222,1
test,S04_AC09_F00001,average_fusion,1,0.56971791,0.43028209,0.50447711,0.49552289,0.5,0.5,0.5,0.5,0.53709751,0.46290249,0
test,S04_AC09_F00031,average_fusion,1,0.14690912,0.85309088,0.2944048,0.7055952,0.5,0.5,0.5,0.5,0.22065696,0.77934304,1
test,S04_AC09_F00061,average_fusion,1,0.0759027,0.9240973,0.31130445,0.68869555,0.5,0.5,0.5,0.5,0.19360358,0.80639642,1
test,S04_AC09_F00091,average_fusion,1,0.13729066,0.86270934,0.45385349,0.54614651,0.5,0.5,0.5,0.5,0.29557207,0.70442793,1
test,S04_AC09_F00121,average_fusion,1,0.04124421,0.95875579,0.28254223,0.71745777,0.5,0.5,0.5,0.5,0.16189322,0.83810678,1
test,S04_AC09_F00151,average_fusion,1,0.05518055,0.94481945,0.4116832,0.5883168,0.5,0.5,0.5,0.5,0.23343188,0.76656812,1
test,S04_AC09_F00181,average_fusion,1,0.17806208,0.82193792,0.36881971,0.63118029,0.5,0.5,0.5,0.5,0.2734409,0.7265591,1
test,S08_AC01_F00001,average_fusion,0,0.70750961,0.29249039,0.33853906,0.66146094,0.5,0.5,0.5,0.5,0.52302434,0.47697566,0
test,S08_AC01_F00031,average_fusion,0,0.65758097,0.34241903,0.43523628,0.56476372,0.5,0.5,0.5,0.5,0.54640862,0.45359138,0
test,S08_AC01_F00061,average_fusion,0,0.80908348,0.19091652,0.41153479,0.58846521,0.5,0.5,0.5,0.5,0.61030913,0.38969087,0
test,S08_AC01_F00091,average_fusion,0,0.61227685,0.38772315,0.36133498,0.63866502,0.5,0.5,0.5,0.5,0.48680592,0.51319408,1
test,S08_AC01_F00121,average_fusion,0,0.31415433,0.68584567,0.34621561,0.65378439,0.5,0.5,0.5,0.5,0.33018497,0.66981503,1
test,S08_AC01_F00151,average_fusion,0,0.26583391,0.73416609,0.40139186,0.59860814,0.5,0.5,0.5,0.5,0.33361289,0.66638711,1
test,S08_AC01_F00181,average_fusion,0,0.39677244,0.60322756,0.42352217,0.57647783,0.5,0.5,0.5,0.5,0.41014731,0.58985269,1
test,S08_AC01_F00211,average_fusion,0,0.22063917,0.77936083,0.26628494,0.73371506,0.5,0.5,0.5,0.5,0.24346206,0.75653794,1
test,S08_AC05_F00001,average_fusion,1,0.58295131,0.41704869,0.49279344,0.50720656,0.5,0.5,0.5,0.5,0.53787237,0.46212763,0
test,S08_AC05_F00031,average_fusion,1,0.34613949,0.65386051,0.29015267,0.70984733,0.5,0.5,0.5,0.5,0.31814608,0.68185392,1
test,S08_AC05_F00061,average_fusion,1,0.16219544,0.83780456,0.34131849,0.65868151,0.5,0.5,0.5,0.5,0.25175697,0.74824303,1
test,S08_AC05_F00091,average_fusion,1,0.19533813,0.80466187,0.3615182,0.6384818,0.5,0.5,0.5,0.5,0.27842817,0.72157183,1
test,S08_AC05_F00121,average_fusion,1,0.13830632,0.86169368,0.39790934,0.60209066,0.5,0.5,0.5,0.5,0.26810783,0.73189217,1
test,S08_AC05_F00151,average_fusion,1,0.40129465,0.59870535,0.26453686,0.73546314,0.5,0.5,0.5,0.5,0.33291575,0.66708425,1
test,S08_AC06_F00001,average_fusion,1,0.26036888,0.73963112,0.21903378,0.78096622,0.5,0.5,0.5,0.5,0.23970133,0.76029867,1
test,S08_AC06_F00031,average_fusion,1,0.17683685,0.82316315,0.26311678,0.73688322,0.5,0.5,0.5,0.5,0.21997681,0.78002319,1
test,S08_AC06_F00061,average_fusion,1,0.15800589,0.84199411,0.32678217,0.67321783,0.5,0.5,0.5,0.5,0.24239403,0.75760597,1
test,S08_AC06_F00091,average_fusion,1,0.28444469,0.71555531,0.3546235,0.6453765,0.5,0.5,0.5,0.5,0.31953409,0.68046591,1
test,S08_AC06_F00121,average_fusion,1,0.11285502,0.88714498,0.30408204,0.69591796,0.5,0.5,0.5,0.5,0.20846853,0.79153147,1
test,S08_AC06_F00151,average_fusion,1,0.44373357,0.55626643,0.2836796,0.7163204,0.5,0.5,0.5,0.5,0.36370659,0.63629341,1
test,S08_AC07_F00001,average_fusion,1,0.40875936,0.59124064,0.3847993,0.6152007,0.5,0.5,0.5,0.5,0.39677933,0.60322067,1
test,S08_AC07_F00031,average_fusion,1,0.06788969,0.93211031,0.33638012,0.66361988,0.5,0.5,0.5,0.5,0.20213491,0.79786509,1
test,S08_AC07_F00061,average_fusion,1,0.07412809,0.92587191,0.34860855,0.65139145,0.5,0.5,0.5,0.5,0.21136832,0.78863168,1
test,S08_AC07_F00091,average_fusion,1,0.06478012,0.93521988,0.34152901,0.65847099,0.5,0.5,0.5,0.5,0.20315456,0.79684544,1
test,S08_AC07_F00121,average_fusion,1,0.11968887,0.88031113,0.33556145,0.66443855,0.5,0.5,0.5,0.5,0.22762516,0.77237484,1
test,S08_AC08_F00001,average_fusion,1,0.59164226,0.40835774,0.44804662,0.55195338,0.5,0.5,0.5,0.5,0.51984444,0.48015556,0
test,S08_AC08_F00031,average_fusion,1,0.35157609,0.64842391,0.36778712,0.63221288,0.5,0.5,0.5,0.5,0.35968161,0.64031839,1
test,S08_AC08_F00061,average_fusion,1,0.4589532,0.5410468,0.39875025,0.60124975,0.5,0.5,0.5,0.5,0.42885172,0.57114828,1
test,S08_AC08_F00091,average_fusion,1,0.46391582,0.53608418,0.40919954,0.59080046,0.5,0.5,0.5,0.5,0.43655768,0.56344232,1
test,S08_AC08_F00121,average_fusion,1,0.41412151,0.58587849,0.37001896,0.62998104,0.5,0.5,0.5,0.5,0.39207023,0.60792977,1
test,S08_AC08_F00151,average_fusion,1,0.39355606,0.60644394,0.36647201,0.63352799,0.5,0.5,0.5,0.5,0.38001403,0.61998597,1
test,S08_AC08_F00181,average_fusion,1,0.46022236,0.53977764,0.46503735,0.53496265,0.5,0.5,0.5,0.5,0.46262985,0.53737015,1
test,S08_AC09_F00001,average_fusion,1,0.24402738,0.75597262,0.2894423,0.7105577,0.5,0.5,0.5,0.5,0.26673484,0.73326516,1
test,S08_AC09_F00031,average_fusion,1,0.12284279,0.87715721,0.25596726,0.74403274,0.5,0.5,0.5,0.5,0.18940502,0.81059498,1
test,S08_AC09_F00061,average_fusion,1,0.15294933,0.84705067,0.23790306,0.76209694,0.5,0.5,0.5,0.5,0.1954262,0.8045738,1
test,S08_AC09_F00091,average_fusion,1,0.09824193,0.90175807,0.24274516,0.75725484,0.5,0.5,0.5,0.5,0.17049354,0.82950646,1
test,S08_AC09_F00121,average_fusion,1,0.14426094,0.85573906,0.20911044,0.79088956,0.5,0.5,0.5,0.5,0.17668569,0.82331431,1
test,S08_AC09_F00151,average_fusion,1,0.18482637,0.81517363,0.36481267,0.63518733,0.5,0.5,0.5,0.5,0.27481952,0.72518048,1
test,S10_AC01_F00001,average_fusion,0,0.63493434,0.36506566,0.4012202,0.5987798,0.5,0.5,0.5,0.5,0.51807727,0.48192273,0
test,S10_AC01_F00031,average_fusion,0,0.64129886,0.35870114,0.36513609,0.63486391,0.5,0.5,0.5,0.5,0.50321747,0.49678253,0
test,S10_AC01_F00061,average_fusion,0,0.22645682,0.77354318,0.26145399,0.73854601,0.5,0.5,0.5,0.5,0.2439554,0.7560446,1
test,S10_AC01_F00091,average_fusion,0,0.55461457,0.44538543,0.20481718,0.79518282,0.5,0.5,0.5,0.5,0.37971587,0.62028413,1
test,S10_AC01_F00121,average_fusion,0,0.48174608,0.51825392,0.30921704,0.69078296,0.5,0.5,0.5,0.5,0.39548156,0.60451844,1
test,S10_AC05_F00001,average_fusion,1,0.08706552,0.91293448,0.2825318,0.7174682,0.5,0.5,0.5,0.5,0.18479866,0.81520134,1
test,S10_AC05_F00031,average_fusion,1,0.14870185,0.85129815,0.25902748,0.74097252,0.5,0.5,0.5,0.5,0.20386466,0.79613534,1
test,S10_AC05_F00061,average_fusion,1,0.08708388,0.91291612,0.22207797,0.77792203,0.5,0.5,0.5,0.5,0.15458092,0.84541908,1
test,S10_AC05_F00091,average_fusion,1,0.07267958,0.92732042,0.12328833,0.87671167,0.5,0.5,0.5,0.5,0.09798396,0.90201604,1
test,S10_AC05_F00121,average_fusion,1,0.1213904,0.8786096,0.27600962,0.72399038,0.5,0.5,0.5,0.5,0.19870001,0.80129999,1
test,S10_AC06_F00001,average_fusion,1,0.29984802,0.70015198,0.17935234,0.82064766,0.5,0.5,0.5,0.5,0.23960018,0.76039982,1
test,S10_AC06_F00031,average_fusion,1,0.55065599,0.44934401,0.24870038,0.75129962,0.5,0.5,0.5,0.5,0.39967819,0.60032181,1
test,S10_AC06_F00061,average_fusion,1,0.52843985,0.47156015,0.25273752,0.74726248,0.5,0.5,0.5,0.5,0.39058869,0.60941131,1
test,S10_AC06_F00091,average_fusion,1,0.71370465,0.28629535,0.2822721,0.7177279,0.5,0.5,0.5,0.5,0.49798837,0.50201163,1
test,S10_AC06_F00121,average_fusion,1,0.2362271,0.7637729,0.22023684,0.77976316,0.5,0.5,0.5,0.5,0.22823197,0.77176803,1
test,S10_AC07_F00001,average_fusion,1,0.02373987,0.97626013,0.15029401,0.84970599,0.5,0.5,0.5,0.5,0.08701694,0.91298306,1
test,S10_AC07_F00031,average_fusion,1,0.03646088,0.96353912,0.21756387,0.78243613,0.5,0.5,0.5,0.5,0.12701237,0.87298763,1
test,S10_AC07_F00061,average_fusion,1,0.07917035,0.92082965,0.10460246,0.89539754,0.5,0.5,0.5,0.5,0.0918864,0.9081136,1
test,S10_AC07_F00091,average_fusion,1,0.05280679,0.94719321,0.16708887,0.83291113,0.5,0.5,0.5,0.5,0.10994783,0.89005217,1
test,S10_AC08_F00001,average_fusion,1,0.02103698,0.97896302,0.21527159,0.78472841,0.5,0.5,0.5,0.5,0.11815429,0.88184571,1
test,S10_AC08_F00031,average_fusion,1,0.35672539,0.64327461,0.25561684,0.74438316,0.5,0.5,0.5,0.5,0.30617112,0.69382888,1
test,S10_AC08_F00061,average_fusion,1,0.06306547,0.93693453,0.14833331,0.85166669,0.5,0.5,0.5,0.5,0.10569939,0.89430061,1
test,S10_AC08_F00091,average_fusion,1,0.44107431,0.55892569,0.20896399,0.79103601,0.5,0.5,0.5,0.5,0.32501915,0.67498085,1
test,S10_AC08_F00121,average_fusion,1,0.54847988,0.45152012,0.24493939,0.75506061,0.5,0.5,0.5,0.5,0.39670964,0.60329036,1
test,S10_AC09_F00001,average_fusion,1,0.14727336,0.85272664,0.31058258,0.68941742,0.5,0.5,0.5,0.5,0.22892797,0.77107203,1
test,S10_AC09_F00031,average_fusion,1,0.07702881,0.92297119,0.27822179,0.72177821,0.5,0.5,0.5,0.5,0.1776253,0.8223747,1
test,S10_AC09_F00061,average_fusion,1,0.15182358,0.84817642,0.21344358,0.78655642,0.5,0.5,0.5,0.5,0.18263358,0.81736642,1
test,S10_AC09_F00091,average_fusion,1,0.17724591,0.82275409,0.11838883,0.88161117,0.5,0.5,0.5,0.5,0.14781737,0.85218263,1
test,S10_AC09_F00121,average_fusion,1,0.35673398,0.64326602,0.31375545,0.68624455,0.5,0.5,0.5,0.5,0.33524472,0.66475528,1
test,S10_AC09_F00151,average_fusion,1,0.23434669,0.76565331,0.16406167,0.83593833,0.5,0.5,0.5,0.5,0.19920418,0.80079582,1
test,S11_AC01_F00001,average_fusion,0,0.69281185,0.30718815,0.378492,0.621508,0.5,0.5,0.5,0.5,0.53565192,0.46434808,0
test,S11_AC01_F00031,average_fusion,0,0.32721585,0.67278415,0.359896,0.640104,0.5,0.5,0.5,0.5,0.34355593,0.65644407,1
test,S11_AC01_F00061,average_fusion,0,0.25366265,0.74633735,0.19523978,0.80476022,0.5,0.5,0.5,0.5,0.22445121,0.77554879,1
test,S11_AC01_F00091,average_fusion,0,0.1776256,0.8223744,0.29556972,0.70443028,0.5,0.5,0.5,0.5,0.23659766,0.76340234,1
test,S11_AC01_F00121,average_fusion,0,0.33585483,0.66414517,0.46441805,0.53558195,0.5,0.5,0.5,0.5,0.40013644,0.59986356,1
test,S11_AC01_F00151,average_fusion,0,0.32503891,0.67496109,0.34707904,0.65292096,0.5,0.5,0.5,0.5,0.33605897,0.66394103,1
test,S11_AC05_F00001,average_fusion,1,0.19221526,0.80778474,0.52714899,0.47285101,0.5,0.5,0.5,0.5,0.35968213,0.64031787,1
test,S11_AC05_F00031,average_fusion,1,0.35402161,0.64597839,0.39673066,0.60326934,0.5,0.5,0.5,0.5,0.37537614,0.62462386,1
test,S11_AC05_F00061,average_fusion,1,0.07581663,0.92418337,0.33984643,0.66015357,0.5,0.5,0.5,0.5,0.20783153,0.79216847,1
test,S11_AC05_F00091,average_fusion,1,0.26003063,0.73996937,0.39178652,0.60821348,0.5,0.5,0.5,0.5,0.32590857,0.67409143,1
test,S11_AC05_F00121,average_fusion,1,0.21743929,0.78256071,0.43837345,0.56162655,0.5,0.5,0.5,0.5,0.32790637,0.67209363,1
test,S11_AC06_F00001,average_fusion,1,0.32230681,0.67769319,0.47153795,0.52846205,0.5,0.5,0.5,0.5,0.39692238,0.60307762,1
test,S11_AC06_F00031,average_fusion,1,0.29565972,0.70434028,0.45024115,0.54975885,0.5,0.5,0.5,0.5,0.37295043,0.62704957,1
test,S11_AC06_F00061,average_fusion,1,0.15510267,0.84489733,0.40411723,0.59588277,0.5,0.5,0.5,0.5,0.27960995,0.72039005,1
test,S11_AC06_F00091,average_fusion,1,0.46978217,0.53021783,0.49761128,0.50238872,0.5,0.5,0.5,0.5,0.48369673,0.51630327,1
test,S11_AC07_F00001,average_fusion,1,0.12471426,0.87528574,0.2260797,0.7739203,0.5,0.5,0.5,0.5,0.17539698,0.82460302,1
test,S11_AC07_F00031,average_fusion,1,0.0647254,0.9352746,0.2392686,0.7607314,0.5,0.5,0.5,0.5,0.151997,0.848003,1
test,S11_AC07_F00061,average_fusion,1,0.11445439,0.88554561,0.16945374,0.83054626,0.5,0.5,0.5,0.5,0.14195406,0.85804594,1
test,S11_AC07_F00091,average_fusion,1,0.2032094,0.7967906,0.19994056,0.80005944,0.5,0.5,0.5,0.5,0.20157498,0.79842502,1
test,S11_AC08_F00001,average_fusion,1,0.2512176,0.7487824,0.43505609,0.56494391,0.5,0.5,0.5,0.5,0.34313685,0.65686315,1
test,S11_AC08_F00031,average_fusion,1,0.10514516,0.89485484,0.40019524,0.59980476,0.5,0.5,0.5,0.5,0.2526702,0.7473298,1
test,S11_AC08_F00061,average_fusion,1,0.49205709,0.50794291,0.34050673,0.65949327,0.5,0.5,0.5,0.5,0.41628191,0.58371809,1
test,S11_AC08_F00091,average_fusion,1,0.30354154,0.69645846,0.3647458,0.6352542,0.5,0.5,0.5,0.5,0.33414367,0.66585633,1
test,S11_AC09_F00001,average_fusion,1,0.1194101,0.8805899,0.15552443,0.84447557,0.5,0.5,0.5,0.5,0.13746727,0.86253273,1
test,S11_AC09_F00031,average_fusion,1,0.1493451,0.8506549,0.24859691,0.75140309,0.5,0.5,0.5,0.5,0.198971,0.801029,1
test,S11_AC09_F00061,average_fusion,1,0.23773849,0.76226151,0.34613508,0.65386492,0.5,0.5,0.5,0.5,0.29193678,0.70806322,1
test,S11_AC09_F00091,average_fusion,1,0.08089691,0.91910309,0.16920704,0.83079296,0.5,0.5,0.5,0.5,0.12505198,0.87494802,1
test,S17_AC01_F00001,average_fusion,0,0.52093902,0.47906098,0.22314423,0.77685577,0.5,0.5,0.5,0.5,0.37204163,0.62795837,1
test,S17_AC01_F00031,average_fusion,0,0.51907647,0.48092353,0.38451344,0.61548656,0.5,0.5,0.5,0.5,0.45179495,0.54820505,1
test,S17_AC01_F00061,average_fusion,0,0.59769312,0.40230688,0.42765468,0.57234532,0.5,0.5,0.5,0.5,0.5126739,0.4873261,0
test,S17_AC01_F00091,average_fusion,0,0.54203868,0.45796132,0.49549508,0.50450492,0.5,0.5,0.5,0.5,0.51876688,0.48123312,0
test,S17_AC01_F00121,average_fusion,0,0.65965542,0.34034458,0.46880591,0.53119409,0.5,0.5,0.5,0.5,0.56423067,0.43576933,0
test,S17_AC01_F00151,average_fusion,0,0.59407398,0.40592602,0.26795024,0.73204976,0.5,0.5,0.5,0.5,0.43101211,0.56898789,1
test,S17_AC05_F00001,average_fusion,1,0.23306537,0.76693463,0.43724108,0.56275892,0.5,0.5,0.5,0.5,0.33515322,0.66484678,1
test,S17_AC05_F00031,average_fusion,1,0.20905691,0.79094309,0.3433246,0.6566754,0.5,0.5,0.5,0.5,0.27619076,0.72380924,1
test,S17_AC05_F00061,average_fusion,1,0.15043175,0.84956825,0.46396047,0.53603953,0.5,0.5,0.5,0.5,0.30719611,0.69280389,1
test,S17_AC05_F00091,average_fusion,1,0.22689587,0.77310413,0.37196672,0.62803328,0.5,0.5,0.5,0.5,0.29943129,0.70056871,1
test,S17_AC05_F00121,average_fusion,1,0.20839405,0.79160595,0.33206254,0.66793746,0.5,0.5,0.5,0.5,0.2702283,0.7297717,1
test,S17_AC06_F00001,average_fusion,1,0.61150572,0.38849428,0.43722367,0.56277633,0.5,0.5,0.5,0.5,0.52436469,0.47563531,0
test,S17_AC06_F00031,average_fusion,1,0.28291166,0.71708834,0.36491358,0.63508642,0.5,0.5,0.5,0.5,0.32391262,0.67608738,1
test,S17_AC06_F00061,average_fusion,1,0.19619131,0.80380869,0.29779822,0.70220178,0.5,0.5,0.5,0.5,0.24699476,0.75300524,1
test,S17_AC06_F00091,average_fusion,1,0.46054411,0.53945589,0.32155979,0.67844021,0.5,0.5,0.5,0.5,0.39105195,0.60894805,1
test,S17_AC06_F00121,average_fusion,1,0.40025985,0.59974015,0.33723325,0.66276675,0.5,0.5,0.5,0.5,0.36874655,0.63125345,1
test,S17_AC06_F00151,average_fusion,1,0.39654332,0.60345668,0.32528138,0.67471862,0.5,0.5,0.5,0.5,0.36091235,0.63908765,1
test,S17_AC07_F00001,average_fusion,1,0.24368542,0.75631458,0.29488015,0.70511985,0.5,0.5,0.5,0.5,0.26928279,0.73071721,1
test,S17_AC07_F00031,average_fusion,1,0.16081536,0.83918464,0.18749309,0.81250691,0.5,0.5,0.5,0.5,0.17415422,0.82584578,1
test,S17_AC07_F00061,average_fusion,1,0.10461366,0.89538634,0.18922436,0.81077564,0.5,0.5,0.5,0.5,0.14691901,0.85308099,1
test,S17_AC07_F00091,average_fusion,1,0.17323655,0.82676345,0.22233057,0.77766943,0.5,0.5,0.5,0.5,0.19778356,0.80221644,1
test,S17_AC07_F00121,average_fusion,1,0.19103843,0.80896157,0.2091108,0.7908892,0.5,0.5,0.5,0.5,0.20007461,0.79992539,1
test,S17_AC07_F00151,average_fusion,1,0.17476493,0.82523507,0.20403433,0.79596567,0.5,0.5,0.5,0.5,0.18939963,0.81060037,1
test,S17_AC07_F00181,average_fusion,1,0.1741662,0.8258338,0.19853115,0.80146885,0.5,0.5,0.5,0.5,0.18634868,0.81365132,1
test,S17_AC08_F00001,average_fusion,1,0.14469242,0.85530758,0.33017069,0.66982931,0.5,0.5,0.5,0.5,0.23743156,0.76256844,1
test,S17_AC08_F00031,average_fusion,1,0.24608052,0.75391948,0.38240033,0.61759967,0.5,0.5,0.5,0.5,0.31424043,0.68575957,1
test,S17_AC08_F00061,average_fusion,1,0.38486814,0.61513186,0.27851158,0.72148842,0.5,0.5,0.5,0.5,0.33168986,0.66831014,1
test,S17_AC08_F00091,average_fusion,1,0.60962465,0.39037535,0.34683311,0.65316689,0.5,0.5,0.5,0.5,0.47822888,0.52177112,1
test,S17_AC08_F00121,average_fusion,1,0.34891748,0.65108252,0.43181705,0.56818295,0.5,0.5,0.5,0.5,0.39036727,0.60963273,1
test,S17_AC09_F00001,average_fusion,1,0.08951569,0.91048431,0.26482385,0.73517615,0.5,0.5,0.5,0.5,0.17716977,0.82283023,1
test,S17_AC09_F00031,average_fusion,1,0.23257172,0.76742828,0.2458517,0.7541483,0.5,0.5,0.5,0.5,0.23921171,0.76078829,1
test,S17_AC09_F00061,average_fusion,1,0.2983017,0.7016983,0.28820425,0.71179575,0.5,0.5,0.5,0.5,0.29325297,0.70674703,1
test,S17_AC09_F00091,average_fusion,1,0.1040163,0.8959837,0.2989217,0.7010783,0.5,0.5,0.5,0.5,0.201469,0.798531,1
test,S17_AC09_F00121,average_fusion,1,0.12654841,0.87345159,0.22950333,0.77049667,0.5,0.5,0.5,0.5,0.17802587,0.82197413,1
test,S17_AC09_F00151,average_fusion,1,0.11011827,0.88988173,0.24951982,0.75048018,0.5,0.5,0.5,0.5,0.17981905,0.82018095,1
test,S21_AC01_F00001,average_fusion,0,0.64403719,0.35596281,0.54787323,0.45212677,0.5,0.5,0.5,0.5,0.59595521,0.40404479,0
test,S21_AC01_F00031,average_fusion,0,0.60277033,0.39722967,0.57756981,0.42243019,0.5,0.5,0.5,0.5,0.59017007,0.40982993,0
test,S21_AC01_F00061,average_fusion,0,0.59276754,0.40723246,0.68976447,0.31023553,0.5,0.5,0.5,0.5,0.641266,0.358734,0
test,S21_AC01_F00091,average_fusion,0,0.57581753,0.42418247,0.60022205,0.39977795,0.5,0.5,0.5,0.5,0.58801979,0.41198021,0
test,S21_AC01_F00121,average_fusion,0,0.76320355,0.23679645,0.67092437,0.32907563,0.5,0.5,0.5,0.5,0.71706396,0.28293604,0
test,S21_AC05_F00001,average_fusion,1,0.21917886,0.78082114,0.38023311,0.61976689,0.5,0.5,0.5,0.5,0.29970598,0.70029402,1
test,S21_AC05_F00031,average_fusion,1,0.05655271,0.94344729,0.26993716,0.73006284,0.5,0.5,0.5,0.5,0.16324493,0.83675507,1
test,S21_AC05_F00061,average_fusion,1,0.14492738,0.85507262,0.48652518,0.51347482,0.5,0.5,0.5,0.5,0.31572628,0.68427372,1
test,S21_AC05_F00091,average_fusion,1,0.28046763,0.71953237,0.3620615,0.6379385,0.5,0.5,0.5,0.5,0.32126456,0.67873544,1
test,S21_AC05_F00121,average_fusion,1,0.11889398,0.88110602,0.19811761,0.80188239,0.5,0.5,0.5,0.5,0.1585058,0.8414942,1
test,S21_AC06_F00001,average_fusion,1,0.1768989,0.8231011,0.3667593,0.6332407,0.5,0.5,0.5,0.5,0.2718291,0.7281709,1
test,S21_AC06_F00031,average_fusion,1,0.13065195,0.86934805,0.35917091,0.64082909,0.5,0.5,0.5,0.5,0.24491143,0.75508857,1
test,S21_AC06_F00061,average_fusion,1,0.14640045,0.85359955,0.42574537,0.57425463,0.5,0.5,0.5,0.5,0.28607291,0.71392709,1
test,S21_AC06_F00091,average_fusion,1,0.13357234,0.86642766,0.26483601,0.73516399,0.5,0.5,0.5,0.5,0.19920418,0.80079582,1
test,S21_AC06_F00121,average_fusion,1,0.12861693,0.87138307,0.25079644,0.74920356,0.5,0.5,0.5,0.5,0.18970668,0.81029332,1
test,S21_AC07_F00001,average_fusion,1,0.13060552,0.86939448,0.4457674,0.5542326,0.5,0.5,0.5,0.5,0.28818646,0.71181354,1
test,S21_AC07_F00031,average_fusion,1,0.01937622,0.98062378,0.4545508,0.5454492,0.5,0.5,0.5,0.5,0.23696351,0.76303649,1
test,S21_AC07_F00061,average_fusion,1,0.0444169,0.9555831,0.39250422,0.60749578,0.5,0.5,0.5,0.5,0.21846056,0.78153944,1
test,S21_AC07_F00091,average_fusion,1,0.12436277,0.87563723,0.39299697,0.60700303,0.5,0.5,0.5,0.5,0.25867987,0.74132013,1
test,S21_AC07_F00121,average_fusion,1,0.04727483,0.95272517,0.392735,0.607265,0.5,0.5,0.5,0.5,0.22000492,0.77999508,1
test,S21_AC07_F00151,average_fusion,1,0.1557349,0.8442651,0.3579092,0.6420908,0.5,0.5,0.5,0.5,0.25682205,0.74317795,1
test,S21_AC08_F00001,average_fusion,1,0.06968319,0.93031681,0.44077206,0.55922794,0.5,0.5,0.5,0.5,0.25522763,0.74477237,1
test,S21_AC08_F00031,average_fusion,1,0.06545645,0.93454355,0.37666059,0.62333941,0.5,0.5,0.5,0.5,0.22105852,0.77894148,1
test,S21_AC08_F00061,average_fusion,1,0.43929368,0.56070632,0.53479004,0.46520996,0.5,0.5,0.5,0.5,0.48704186,0.51295814,1
test,S21_AC08_F00091,average_fusion,1,0.12932861,0.87067139,0.44812304,0.55187696,0.5,0.5,0.5,0.5,0.28872582,0.71127418,1
test,S21_AC08_F00121,average_fusion,1,0.19240689,0.80759311,0.50780156,0.49219844,0.5,0.5,0.5,0.5,0.35010423,0.64989577,1
test,S21_AC08_F00151,average_fusion,1,0.19265521,0.80734479,0.4998647,0.5001353,0.5,0.5,0.5,0.5,0.34625995,0.65374005,1
test,S21_AC08_F00181,average_fusion,1,0.06619173,0.93380827,0.44034779,0.55965221,0.5,0.5,0.5,0.5,0.25326976,0.74673024,1
test,S21_AC09_F00001,average_fusion,1,0.08219272,0.91780728,0.51901308,0.48098692,0.5,0.5,0.5,0.5,0.3006029,0.6993971,1
test,S21_AC09_F00031,average_fusion,1,0.09398121,0.90601879,0.42886901,0.57113099,0.5,0.5,0.5,0.5,0.26142511,0.73857489,1
test,S21_AC09_F00061,average_fusion,1,0.14926618,0.85073382,0.32246357,0.67753643,0.5,0.5,0.5,0.5,0.23586488,0.76413512,1
test,S21_AC09_F00091,average_fusion,1,0.17747289,0.82252711,0.44765216,0.55234784,0.5,0.5,0.5,0.5,0.31256253,0.68743747,1
test,S21_AC09_F00121,average_fusion,1,0.18735236,0.81264764,0.38967615,0.61032385,0.5,0.5,0.5,0.5,0.28851426,0.71148574,1
test,S42_AC01_F00001,average_fusion,0,0.44085455,0.55914545,0.57033193,0.42966807,0.5,0.5,0.5,0.5,0.50559324,0.49440676,0
test,S42_AC01_F00031,average_fusion,0,0.35266811,0.64733189,0.56468284,0.43531716,0.5,0.5,0.5,0.5,0.45867547,0.54132453,1
test,S42_AC01_F00061,average_fusion,0,0.61908346,0.38091654,0.61182487,0.38817513,0.5,0.5,0.5,0.5,0.61545417,0.38454583,0
test,S42_AC01_F00091,average_fusion,0,0.623667,0.376333,0.6008184,0.3991816,0.5,0.5,0.5,0.5,0.6122427,0.3877573,0
test,S42_AC05_F00001,average_fusion,1,0.37269121,0.62730879,0.43893182,0.56106818,0.5,0.5,0.5,0.5,0.40581152,0.59418848,1
test,S42_AC05_F00031,average_fusion,1,0.11986208,0.88013792,0.46042699,0.53957301,0.5,0.5,0.5,0.5,0.29014453,0.70985547,1
test,S42_AC05_F00061,average_fusion,1,0.18653727,0.81346273,0.38748246,0.61251754,0.5,0.5,0.5,0.5,0.28700987,0.71299013,1
test,S42_AC06_F00001,average_fusion,1,0.2502836,0.7497164,0.52386463,0.47613537,0.5,0.5,0.5,0.5,0.38707411,0.61292589,1
test,S42_AC06_F00031,average_fusion,1,0.24217987,0.75782013,0.55366758,0.44633242,0.5,0.5,0.5,0.5,0.39792372,0.60207628,1
test,S42_AC06_F00061,average_fusion,1,0.50482658,0.49517342,0.4905138,0.5094862,0.5,0.5,0.5,0.5,0.49767019,0.50232981,1
test,S42_AC07_F00001,average_fusion,1,0.30107385,0.69892615,0.33889258,0.66110742,0.5,0.5,0.5,0.5,0.31998321,0.68001679,1
test,S42_AC07_F00031,average_fusion,1,0.25564957,0.74435043,0.38887596,0.61112404,0.5,0.5,0.5,0.5,0.32226276,0.67773724,1
test,S42_AC07_F00061,average_fusion,1,0.26332283,0.73667717,0.4163416,0.5836584,0.5,0.5,0.5,0.5,0.33983222,0.66016778,1
test,S42_AC07_F00091,average_fusion,1,0.29035848,0.70964152,0.45922178,0.54077822,0.5,0.5,0.5,0.5,0.37479013,0.62520987,1
test,S42_AC07_F00121,average_fusion,1,0.21045065,0.78954935,0.43300182,0.56699818,0.5,0.5,0.5,0.5,0.32172623,0.67827377,1
test,S42_AC08_F00001,average_fusion,1,0.2557174,0.7442826,0.37417012,0.62582988,0.5,0.5,0.5,0.5,0.31494376,0.68505624,1
test,S42_AC08_F00031,average_fusion,1,0.29518771,0.70481229,0.48375994,0.51624006,0.5,0.5,0.5,0.5,0.38947383,0.61052617,1
test,S42_AC08_F00061,average_fusion,1,0.35779554,0.64220446,0.42341971,0.57658029,0.5,0.5,0.5,0.5,0.39060763,0.60939237,1
test,S42_AC08_F00091,average_fusion,1,0.58168671,0.41831329,0.39969981,0.60030019,0.5,0.5,0.5,0.5,0.49069326,0.50930674,1
test,S42_AC08_F00121,average_fusion,1,0.41973197,0.58026803,0.52747005,0.47252995,0.5,0.5,0.5,0.5,0.47360101,0.52639899,1
test,S42_AC09_F00001,average_fusion,1,0.16285181,0.83714819,0.49779457,0.50220543,0.5,0.5,0.5,0.5,0.33032319,0.66967681,1
test,S42_AC09_F00031,average_fusion,1,0.24248397,0.75751603,0.60960886,0.39039114,0.5,0.5,0.5,0.5,0.42604642,0.57395358,1
test,S42_AC09_F00061,average_fusion,1,0.04439896,0.95560104,0.5052157,0.4947843,0.5,0.5,0.5,0.5,0.27480733,0.72519267,1
test,S42_AC09_F00091,average_fusion,1,0.22210723,0.77789277,0.4500621,0.5499379,0.5,0.5,0.5,0.5,0.33608466,0.66391534,1
test,S42_AC09_F00121,average_fusion,1,0.27356166,0.72643834,0.59680694,0.40319306,0.5,0.5,0.5,0.5,0.4351843,0.5648157,1
